200	200	0
199	201	0
198	201	0
197	201	0
196	201	0
195	201	0
194	201	0
193	201	0
192	201	0
191	201	0
190	201	0
189	201	0
188	201	0
187	201	0
186	201	0
185	201	0
184	201	0
183	201	0
182	201	0
181	201	0
180	201	0
179	201	0
178	201	0
177	201	0
176	201	0
175	201	0
174	201	0
173	201	0
172	201	0
171	201	0
170	201	0
169	201	0
168	201	0
167	202	0
166	203	0
165	204	0
164	205	0
163	206	0
162	207	0
161	208	0
160	209	0
159	210	0
158	211	0
157	212	0
156	213	0
155	214	0
154	215	0
153	216	0
152	216	0
151	216	0
150	216	0
149	216	0
148	216	0
147	216	0
146	216	0
145	216	0
144	216	0
143	216	0
142	216	0
141	216	0
140	216	0
139	216	0
138	216	0
137	216	0
136	216	0
135	216	0
134	216	0
133	216	0
132	216	0
131	216	0
130	216	0
129	216	0
128	216	0
127	216	0
126	216	0
125	216	0
124	216	0
123	216	0
122	216	0
121	216	0
120	216	0
119	216	0
118	216	0
117	216	0
116	216	0
115	216	0
114	216	0
113	216	0
112	216	0
111	216	0
110	216	0
109	216	0
108	216	0
107	216	0
106	216	0
105	216	0
104	216	0
103	216	0
102	216	0
101	216	0
100	216	0
99	216	0
98	216	0
97	216	0
96	216	0
95	217	0
94	218	0
93	219	0
92	220	0
91	221	0
90	222	0
89	223	0
88	224	0
87	225	0
86	226	0
85	227	0
84	228	0
83	229	0
82	230	0
81	231	0
80	232	0
79	233	0
78	234	0
77	235	0
76	236	0
75	237	0
74	238	0
73	239	0
72	240	0
71	241	0
70	242	0
69	243	0
68	244	0
67	245	0
66	246	0
65	247	0
64	248	0
63	249	0
62	250	0
61	251	0
60	252	0
59	253	0
58	254	0
57	255	0
56	256	0
55	257	0
54	258	0
53	259	0
52	260	0
51	261	0
50	262	0
49	263	0
48	264	0
47	265	0
46	266	0
45	267	0
45	268	0
45	269	0
45	270	0
45	271	0
45	272	0
45	273	0
45	274	0
45	275	0
45	276	0
45	277	0
45	278	0
45	279	0
45	280	0
45	281	0
45	282	0
45	283	0
45	284	0
45	285	0
45	286	0
45	287	0
45	288	0
45	289	0
45	290	0
45	291	0
45	292	0
45	293	0
45	294	0
45	295	0
45	296	0
45	297	0
45	298	0
45	299	0
45	300	0
45	301	0
45	302	0
45	303	0
45	304	0
45	305	0
45	306	0
45	307	0
45	308	0
45	309	0
45	310	0
45	311	0
45	312	0
45	313	0
45	314	0
45	315	0
45	316	0
45	317	0
45	318	0
45	319	0
45	320	0
45	321	0
45	322	0
45	323	0
45	324	0
45	325	0
45	326	0
45	327	0
45	328	0
45	329	0
45	330	0
45	331	0
45	332	0
45	333	0
45	334	0
45	335	0
45	336	0
45	337	0
45	338	0
45	339	0
45	340	0
45	341	0
45	342	0
45	343	0
45	344	0
45	345	0
45	346	0
45	347	0
45	348	0
45	349	0
45	350	0
45	351	0
45	352	0
45	353	0
45	354	0
45	355	0
45	356	0
45	357	0
45	358	0
45	359	0
45	360	0
45	361	0
45	362	0
45	363	0
45	364	0
45	365	0
45	366	0
45	367	0
45	368	0
45	369	0
45	370	0
45	371	0
45	372	0
45	373	0
45	374	0
45	375	0
45	376	0
45	377	0
45	378	0
45	379	0
45	380	0
45	381	0
45	382	0
45	383	0
45	384	0
45	385	0
45	386	0
45	387	0
45	388	0
44	389	0
43	389	0
42	389	0
41	389	0
40	389	0
39	389	0
38	389	0
37	389	0
36	389	0
35	389	0
34	389	0
33	389	0
32	389	0
31	389	0
30	389	0
29	389	0
28	389	0
27	389	0
26	389	0
25	389	0
24	389	0
23	389	0
22	388	0
22	387	0
22	386	0
22	385	0
22	384	0
22	383	0
22	382	0
22	381	0
22	380	0
22	379	0
22	378	0
22	377	0
22	376	0
22	375	0
22	374	0
22	373	0
22	372	0
22	371	0
22	370	0
22	369	0
22	368	0
22	367	0
22	366	0
22	365	0
22	364	0
22	363	0
22	362	0
22	361	0
22	360	0
22	359	0
22	358	0
22	357	0
22	356	0
22	355	0
22	354	0
22	353	0
22	352	0
22	351	0
22	350	0
22	349	0
22	348	0
21	347	0
21	346	0
20	345	0
20	344	0
20	343	0
19	342	0
19	341	0
18	340	0
18	339	0
17	338	0
17	337	0
16	336	0
16	335	0
15	334	0
15	333	0
15	332	0
14	331	0
14	330	0
13	329	0
13	328	0
12	327	0
12	326	0
11	325	0
11	324	0
10	323	0
10	322	0
10	321	0
9	320	0
9	319	0
8	318	0
8	317	0
7	316	0
7	315	0
6	314	0
6	313	0
5	312	0
5	311	0
5	310	0
4	309	0
4	308	0
3	307	0
3	306	0
2	305	0
2	304	0
1	303	0
1	302	0
0	301	0
0	300	0
200	200	0
199	201	0
198	201	0
197	201	0
196	201	0
195	201	0
194	201	0
193	201	0
192	201	0
191	201	0
190	201	0
189	201	0
188	201	0
187	201	0
186	201	0
185	201	0
184	201	0
183	201	0
182	201	0
181	201	0
180	201	0
179	201	0
178	201	0
177	201	0
176	201	0
175	201	0
174	201	0
173	201	0
172	201	0
171	201	0
170	201	0
169	201	0
168	201	0
167	202	0
166	203	0
165	204	0
164	205	0
163	206	0
162	207	0
161	208	0
160	209	0
159	210	0
158	211	0
157	212	0
156	213	0
155	214	0
154	215	0
153	216	0
152	216	0
151	216	0
150	216	0
149	216	0
148	216	0
147	216	0
146	216	0
145	216	0
144	216	0
143	216	0
142	216	0
141	216	0
140	216	0
139	216	0
138	216	0
137	216	0
136	216	0
135	216	0
134	216	0
133	216	0
132	216	0
131	216	0
130	216	0
129	216	0
128	216	0
127	216	0
126	216	0
125	216	0
124	216	0
123	216	0
122	216	0
121	216	0
120	216	0
119	216	0
118	216	0
117	216	0
116	216	0
115	216	0
114	216	0
113	216	0
112	216	0
111	216	0
110	216	0
109	216	0
108	216	0
107	216	0
106	216	0
105	216	0
104	216	0
103	216	0
102	216	0
101	216	0
100	216	0
99	216	0
98	216	0
97	216	0
96	216	0
95	217	0
94	218	0
93	219	0
92	220	0
91	221	0
90	222	0
89	223	0
88	224	0
87	225	0
86	226	0
85	227	0
84	228	0
83	229	0
82	230	0
81	231	0
80	232	0
79	233	0
78	234	0
77	235	0
76	236	0
75	237	0
74	238	0
73	239	0
72	240	0
71	241	0
70	242	0
69	243	0
68	244	0
67	245	0
66	246	0
65	247	0
64	248	0
63	249	0
62	250	0
61	251	0
60	252	0
59	253	0
58	254	0
57	255	0
56	256	0
55	257	0
54	258	0
53	259	0
52	260	0
51	261	0
50	262	0
49	263	0
48	264	0
47	265	0
46	266	0
45	267	0
45	268	0
45	269	0
45	270	0
45	271	0
45	272	0
45	273	0
45	274	0
45	275	0
45	276	0
45	277	0
45	278	0
45	279	0
45	280	0
45	281	0
45	282	0
45	283	0
45	284	0
45	285	0
45	286	0
45	287	0
45	288	0
45	289	0
45	290	0
45	291	0
45	292	0
45	293	0
45	294	0
45	295	0
45	296	0
45	297	0
45	298	0
45	299	0
45	300	0
45	301	0
45	302	0
45	303	0
45	304	0
45	305	0
45	306	0
45	307	0
45	308	0
45	309	0
45	310	0
45	311	0
45	312	0
45	313	0
45	314	0
45	315	0
45	316	0
45	317	0
45	318	0
45	319	0
45	320	0
45	321	0
45	322	0
45	323	0
45	324	0
45	325	0
45	326	0
45	327	0
45	328	0
45	329	0
45	330	0
45	331	0
45	332	0
45	333	0
45	334	0
45	335	0
45	336	0
45	337	0
45	338	0
45	339	0
45	340	0
45	341	0
45	342	0
45	343	0
45	344	0
45	345	0
45	346	0
45	347	0
45	348	0
45	349	0
45	350	0
45	351	0
45	352	0
45	353	0
45	354	0
45	355	0
45	356	0
45	357	0
45	358	0
45	359	0
45	360	0
45	361	0
45	362	0
45	363	0
45	364	0
45	365	0
45	366	0
45	367	0
45	368	0
45	369	0
45	370	0
45	371	0
45	372	0
45	373	0
45	374	0
45	375	0
45	376	0
45	377	0
45	378	0
45	379	0
45	380	0
45	381	0
45	382	0
45	383	0
45	384	0
45	385	0
45	386	0
45	387	0
45	388	0
44	389	0
43	389	0
42	389	0
41	389	0
40	389	0
39	389	0
38	389	0
37	389	0
36	389	0
35	389	0
34	389	0
33	389	0
32	389	0
31	389	0
30	389	0
29	389	0
28	389	0
27	389	0
26	389	0
25	389	0
24	389	0
23	389	0
22	388	0
22	387	0
22	386	0
22	385	0
22	384	0
22	383	0
22	382	0
22	381	0
22	380	0
22	379	0
22	378	0
22	377	0
22	376	0
22	375	0
22	374	0
22	373	0
22	372	0
22	371	0
22	370	0
22	369	0
22	368	0
22	367	0
22	366	0
22	365	0
22	364	0
22	363	0
22	362	0
22	361	0
22	360	0
22	359	0
22	358	0
22	357	0
22	356	0
22	355	0
22	354	0
22	353	0
22	352	0
22	351	0
22	350	0
22	349	0
22	348	0
21	347	0
21	346	0
20	345	0
20	344	0
20	343	0
19	342	0
19	341	0
18	340	0
18	339	0
17	338	0
17	337	0
16	336	0
16	335	0
15	334	0
15	333	0
15	332	0
14	331	0
14	330	0
13	329	0
13	328	0
12	327	0
12	326	0
11	325	0
11	324	0
10	323	0
10	322	0
10	321	0
9	320	0
9	319	0
8	318	0
8	317	0
7	316	0
7	315	0
6	314	0
6	313	0
5	312	0
5	311	0
5	310	0
4	309	0
4	308	0
3	307	0
3	306	0
2	305	0
2	304	0
1	303	0
1	302	0
0	301	0
0	300	0
200	200	0
200	199	0
200	198	0
200	197	0
200	196	0
200	195	0
200	194	0
199	193	0
198	192	0
198	191	0
198	190	0
198	189	0
198	188	0
198	187	0
198	186	0
198	185	0
197	184	0
197	183	0
197	182	0
197	181	0
197	180	0
197	179	0
197	178	0
197	177	0
197	176	0
197	175	0
197	174	0
197	173	0
197	172	0
196	171	0
195	170	0
194	169	0
193	168	0
192	167	0
191	166	0
190	165	0
189	164	0
188	163	0
187	162	0
186	161	0
185	160	0
184	159	0
183	158	0
182	157	0
181	156	0
180	155	0
179	154	0
178	153	0
177	152	0
176	151	0
175	150	0
174	149	0
173	148	0
172	147	0
171	146	0
170	145	0
169	144	0
168	143	0
167	142	0
166	141	0
165	140	0
164	139	0
163	138	0
162	137	0
161	136	0
160	135	0
159	134	0
158	133	0
157	132	0
156	131	0
155	130	0
154	129	0
153	128	0
152	127	0
151	126	0
150	125	0
149	124	0
148	123	0
147	122	0
146	121	0
145	120	0
144	119	0
143	118	0
142	117	0
141	116	0
140	115	0
139	114	0
138	113	0
137	112	0
136	111	0
135	110	0
134	109	0
133	108	0
132	107	0
131	106	0
130	105	0
129	104	0
128	103	0
127	102	0
126	101	0
125	100	0
124	99	0
123	98	0
122	97	0
121	96	0
120	95	0
119	95	0
118	95	0
117	95	0
116	95	0
115	95	0
114	95	0
113	95	0
112	95	0
111	95	0
110	95	0
109	95	0
108	95	0
107	95	0
106	95	0
105	95	0
104	95	0
103	95	0
102	95	0
101	95	0
100	95	0
99	95	0
98	95	0
97	95	0
96	96	0
95	97	0
94	98	0
93	99	0
92	100	0
91	101	0
90	102	0
89	103	0
88	104	0
87	105	0
86	106	0
85	107	0
84	108	0
83	109	0
82	110	0
81	111	0
80	112	0
79	111	0
78	110	0
77	109	0
76	108	0
75	107	0
74	106	0
73	105	0
72	104	0
71	103	0
70	102	0
69	101	0
68	100	0
67	99	0
66	98	0
65	97	0
64	96	0
63	95	0
62	94	0
61	93	0
60	92	0
59	91	0
58	90	0
57	89	0
56	88	0
55	87	0
54	86	0
53	85	0
52	84	0
51	83	0
50	82	0
49	81	0
48	80	0
47	79	0
46	78	0
45	77	0
45	76	0
45	75	0
45	74	0
45	73	0
45	72	0
45	71	0
45	70	0
45	69	0
45	68	0
45	67	0
45	66	0
45	65	0
45	64	0
45	63	0
45	62	0
45	61	0
45	60	0
45	59	0
45	58	0
45	57	0
45	56	0
45	55	0
45	54	0
45	53	0
45	52	0
46	51	0
47	50	0
48	49	0
49	48	0
50	47	0
51	46	0
52	45	0
53	44	0
54	43	0
55	42	0
56	41	0
57	40	0
58	39	0
59	38	0
60	37	0
61	36	0
62	35	0
63	34	0
64	33	0
65	32	0
66	31	0
67	30	0
68	29	0
69	28	0
70	27	0
71	26	0
72	25	0
73	24	0
74	23	0
75	22	0
76	21	0
77	20	0
78	19	0
79	18	0
80	17	0
81	16	0
82	16	0
83	16	0
84	16	0
85	16	0
86	16	0
87	16	0
88	16	0
89	16	0
90	16	0
91	16	0
92	16	0
93	16	0
94	16	0
95	16	0
96	16	0
97	16	0
98	16	0
99	16	0
100	16	0
101	16	0
102	16	0
103	16	0
104	16	0
105	16	0
106	16	0
107	16	0
108	16	0
109	16	0
110	16	0
111	16	0
112	16	0
113	16	0
114	16	0
115	16	0
116	16	0
117	16	0
118	16	0
119	16	0
120	16	0
121	16	0
122	16	0
123	16	0
124	16	0
125	16	0
126	16	0
127	16	0
128	16	0
129	16	0
130	16	0
131	16	0
132	16	0
133	16	0
134	16	0
135	16	0
136	16	0
137	16	0
138	16	0
139	16	0
140	16	0
141	16	0
142	16	0
143	16	0
144	16	0
145	16	0
146	16	0
147	16	0
148	16	0
149	16	0
150	16	0
151	16	0
152	16	0
153	16	0
154	16	0
155	16	0
156	16	0
157	16	0
158	16	0
159	16	0
160	16	0
161	16	0
162	16	0
163	16	0
164	16	0
165	16	0
166	16	0
167	16	0
168	16	0
169	16	0
170	16	0
171	16	0
172	16	0
173	16	0
174	16	0
175	16	0
176	16	0
177	16	0
178	16	0
179	16	0
180	16	0
181	16	0
182	16	0
183	16	0
184	16	0
185	16	0
186	16	0
187	16	0
188	16	0
189	16	0
190	16	0
191	16	0
192	16	0
193	17	0
194	18	0
195	19	0
196	20	0
197	21	0
198	22	0
199	23	0
200	24	0
201	25	0
202	26	0
203	27	0
204	28	0
205	29	0
206	30	0
207	31	0
208	32	0
209	33	0
200	200	0
200	199	0
200	198	0
200	197	0
200	196	0
200	195	0
200	194	0
199	193	0
198	192	0
198	191	0
198	190	0
198	189	0
198	188	0
198	187	0
198	186	0
198	185	0
197	184	0
197	183	0
197	182	0
197	181	0
197	180	0
197	179	0
197	178	0
197	177	0
197	176	0
197	175	0
197	174	0
197	173	0
197	172	0
196	171	0
195	170	0
194	169	0
193	168	0
192	167	0
191	166	0
190	165	0
189	164	0
188	163	0
187	162	0
186	161	0
185	160	0
184	159	0
183	158	0
182	157	0
181	156	0
180	155	0
179	154	0
178	153	0
177	152	0
176	151	0
175	150	0
174	149	0
173	148	0
172	147	0
171	146	0
170	145	0
169	144	0
168	143	0
167	142	0
166	141	0
165	140	0
164	139	0
163	138	0
162	137	0
161	136	0
160	135	0
159	134	0
158	133	0
157	132	0
156	131	0
155	130	0
154	129	0
153	128	0
152	127	0
151	126	0
150	125	0
149	124	0
148	123	0
147	122	0
146	121	0
145	120	0
144	119	0
143	118	0
142	117	0
141	116	0
140	115	0
139	114	0
138	113	0
137	112	0
136	111	0
135	110	0
134	109	0
133	108	0
132	107	0
131	106	0
130	105	0
129	104	0
128	103	0
127	102	0
126	101	0
125	100	0
124	99	0
123	98	0
122	97	0
121	96	0
120	95	0
119	95	0
118	95	0
117	95	0
116	95	0
115	95	0
114	95	0
113	95	0
112	95	0
111	95	0
110	95	0
109	95	0
108	95	0
107	95	0
106	95	0
105	95	0
104	95	0
103	95	0
102	95	0
101	95	0
100	95	0
99	95	0
98	95	0
97	95	0
96	96	0
95	97	0
94	98	0
93	99	0
92	100	0
91	101	0
90	102	0
89	103	0
88	104	0
87	105	0
86	106	0
85	107	0
84	108	0
83	109	0
82	110	0
81	111	0
80	112	0
79	111	0
78	110	0
77	109	0
76	108	0
75	107	0
74	106	0
73	105	0
72	104	0
71	103	0
70	102	0
69	101	0
68	100	0
67	99	0
66	98	0
65	97	0
64	96	0
63	95	0
62	94	0
61	93	0
60	92	0
59	91	0
58	90	0
57	89	0
56	88	0
55	87	0
54	86	0
53	85	0
52	84	0
51	83	0
50	82	0
49	81	0
48	80	0
47	79	0
46	78	0
45	77	0
45	76	0
45	75	0
45	74	0
45	73	0
45	72	0
45	71	0
45	70	0
45	69	0
45	68	0
45	67	0
45	66	0
45	65	0
45	64	0
45	63	0
45	62	0
45	61	0
45	60	0
45	59	0
45	58	0
45	57	0
45	56	0
45	55	0
45	54	0
45	53	0
45	52	0
46	51	0
47	50	0
48	49	0
49	48	0
50	47	0
51	46	0
52	45	0
53	44	0
54	43	0
55	42	0
56	41	0
57	40	0
58	39	0
59	38	0
60	37	0
61	36	0
62	35	0
63	34	0
64	33	0
65	32	0
66	31	0
67	30	0
68	29	0
69	28	0
70	27	0
71	26	0
72	25	0
73	24	0
74	23	0
75	22	0
76	21	0
77	20	0
78	19	0
79	18	0
80	17	0
81	16	0
82	16	0
83	16	0
84	16	0
85	16	0
86	16	0
87	16	0
88	16	0
89	16	0
90	16	0
91	16	0
92	16	0
93	16	0
94	16	0
95	16	0
96	16	0
97	16	0
98	16	0
99	16	0
100	16	0
101	16	0
102	16	0
103	16	0
104	16	0
105	16	0
106	16	0
107	16	0
108	16	0
109	16	0
110	16	0
111	16	0
112	16	0
113	16	0
114	16	0
115	16	0
116	16	0
117	16	0
118	16	0
119	16	0
120	16	0
121	16	0
122	16	0
123	16	0
124	16	0
125	16	0
126	16	0
127	16	0
128	16	0
129	16	0
130	16	0
131	16	0
132	16	0
133	16	0
134	16	0
135	16	0
136	16	0
137	16	0
138	16	0
139	16	0
140	16	0
141	16	0
142	16	0
143	16	0
144	16	0
145	16	0
146	16	0
147	16	0
148	16	0
149	16	0
150	16	0
151	16	0
152	16	0
153	16	0
154	16	0
155	16	0
156	16	0
157	16	0
158	16	0
159	16	0
160	16	0
161	16	0
162	16	0
163	16	0
164	16	0
165	16	0
166	16	0
167	16	0
168	16	0
169	16	0
170	16	0
171	16	0
172	16	0
173	16	0
174	16	0
175	16	0
176	16	0
177	16	0
178	16	0
179	16	0
180	16	0
181	16	0
182	16	0
183	16	0
184	16	0
185	16	0
186	16	0
187	16	0
188	16	0
189	16	0
190	16	0
191	16	0
192	16	0
193	17	0
194	18	0
195	19	0
196	20	0
197	21	0
198	22	0
199	23	0
200	24	0
201	25	0
202	26	0
203	27	0
204	28	0
205	29	0
206	30	0
207	31	0
208	32	0
209	33	0
200	200	0
200	199	0
200	198	0
200	197	0
200	196	0
200	195	0
200	194	0
199	193	0
198	192	0
198	191	0
198	190	0
198	189	0
198	188	0
198	187	0
198	186	0
198	185	0
197	184	0
197	183	0
197	182	0
197	181	0
197	180	0
197	179	0
197	178	0
197	177	0
197	176	0
197	175	0
197	174	0
197	173	0
197	172	0
196	171	0
195	170	0
194	169	0
193	168	0
192	167	0
191	166	0
190	165	0
189	164	0
188	163	0
187	162	0
186	161	0
185	160	0
184	159	0
183	158	0
182	157	0
181	156	0
180	155	0
179	154	0
178	153	0
177	152	0
176	151	0
175	150	0
174	149	0
173	148	0
172	147	0
171	146	0
170	145	0
169	144	0
168	143	0
167	142	0
166	141	0
165	140	0
164	139	0
163	138	0
162	137	0
161	136	0
160	135	0
159	134	0
158	133	0
157	132	0
156	131	0
155	130	0
154	129	0
153	128	0
152	127	0
151	126	0
150	125	0
149	124	0
148	123	0
147	122	0
146	121	0
145	120	0
144	119	0
143	118	0
142	117	0
141	116	0
140	115	0
139	114	0
138	113	0
137	112	0
136	111	0
135	110	0
134	109	0
133	108	0
132	107	0
131	106	0
130	105	0
129	104	0
128	103	0
127	102	0
126	101	0
125	100	0
124	99	0
123	98	0
122	97	0
121	96	0
120	95	0
119	95	0
118	95	0
117	95	0
116	95	0
115	95	0
114	95	0
113	95	0
112	95	0
111	95	0
110	95	0
109	95	0
108	95	0
107	95	0
106	95	0
105	95	0
104	95	0
103	95	0
102	95	0
101	95	0
100	95	0
99	95	0
98	95	0
97	95	0
96	96	0
95	97	0
94	98	0
93	99	0
92	100	0
91	101	0
90	102	0
89	103	0
88	104	0
87	105	0
86	106	0
85	107	0
84	108	0
83	109	0
82	110	0
81	111	0
80	112	0
79	111	0
78	110	0
77	109	0
76	108	0
75	107	0
74	106	0
73	105	0
72	104	0
71	103	0
70	102	0
69	101	0
68	100	0
67	99	0
66	98	0
65	97	0
64	96	0
63	95	0
62	94	0
61	93	0
60	92	0
59	91	0
58	90	0
57	89	0
56	88	0
55	87	0
54	86	0
53	85	0
52	84	0
51	83	0
50	82	0
49	81	0
48	80	0
47	79	0
46	78	0
45	77	0
45	76	0
45	75	0
45	74	0
45	73	0
45	72	0
45	71	0
45	70	0
45	69	0
45	68	0
45	67	0
45	66	0
45	65	0
45	64	0
45	63	0
45	62	0
45	61	0
45	60	0
45	59	0
45	58	0
45	57	0
45	56	0
45	55	0
45	54	0
45	53	0
45	52	0
46	51	0
47	50	0
48	49	0
49	48	0
50	47	0
51	46	0
52	45	0
53	44	0
54	43	0
55	42	0
56	41	0
57	40	0
58	39	0
59	38	0
60	37	0
61	36	0
62	35	0
63	34	0
64	33	0
65	32	0
66	31	0
67	30	0
68	29	0
69	28	0
70	27	0
71	26	0
72	25	0
73	24	0
74	23	0
75	22	0
76	21	0
77	20	0
78	19	0
79	18	0
80	17	0
81	16	0
82	16	0
83	16	0
84	16	0
85	16	0
86	16	0
87	16	0
88	16	0
89	16	0
90	16	0
91	16	0
92	16	0
93	16	0
94	16	0
95	16	0
96	16	0
97	16	0
98	16	0
99	16	0
100	16	0
101	16	0
102	16	0
103	16	0
104	16	0
105	16	0
106	16	0
107	16	0
108	16	0
109	16	0
110	16	0
111	16	0
112	16	0
113	16	0
114	16	0
115	16	0
116	16	0
117	16	0
118	16	0
119	16	0
120	16	0
121	16	0
122	16	0
123	16	0
124	16	0
125	16	0
126	16	0
127	16	0
128	16	0
129	16	0
130	16	0
131	16	0
132	16	0
133	16	0
134	16	0
135	16	0
136	16	0
137	16	0
138	16	0
139	16	0
140	16	0
141	16	0
142	16	0
143	16	0
144	16	0
145	16	0
146	16	0
147	16	0
148	16	0
149	16	0
150	16	0
151	16	0
152	16	0
153	16	0
154	16	0
155	16	0
156	16	0
157	16	0
158	16	0
159	16	0
160	16	0
161	16	0
162	16	0
163	16	0
164	16	0
165	16	0
166	16	0
167	16	0
168	16	0
169	16	0
170	16	0
171	16	0
172	16	0
173	16	0
174	16	0
175	16	0
176	16	0
177	16	0
178	16	0
179	16	0
180	16	0
181	16	0
182	16	0
183	16	0
184	16	0
185	16	0
186	16	0
187	16	0
188	16	0
189	16	0
190	16	0
191	16	0
192	16	0
193	17	0
194	18	0
195	19	0
196	20	0
197	21	0
198	22	0
199	23	0
200	24	0
201	25	0
202	26	0
203	27	0
204	28	0
205	29	0
206	30	0
207	31	0
208	32	0
209	33	0
200	200	0
200	199	0
200	198	0
200	197	0
200	196	0
200	195	0
200	194	0
200	193	0
200	192	0
200	191	0
200	190	0
200	189	0
200	188	0
200	187	0
200	186	0
200	185	0
200	184	0
200	183	0
200	182	0
200	181	0
200	180	0
200	179	0
200	178	0
200	177	0
200	176	0
200	175	0
200	174	0
200	173	0
200	172	0
200	171	0
200	170	0
200	169	0
200	168	0
200	167	0
200	166	0
200	165	0
200	164	0
200	163	0
200	162	0
200	161	0
200	160	0
200	159	0
200	158	0
200	157	0
200	156	0
200	155	0
200	154	0
200	153	0
200	152	0
199	151	0
198	150	0
197	149	0
196	148	0
195	147	0
194	146	0
193	145	0
192	144	0
191	143	0
190	142	0
189	141	0
188	140	0
187	139	0
186	138	0
185	137	0
184	136	0
183	135	0
182	134	0
181	133	0
180	132	0
179	131	0
178	130	0
177	129	0
176	128	0
175	127	0
174	126	0
173	125	0
172	124	0
171	123	0
170	122	0
169	121	0
168	120	0
167	119	0
166	118	0
165	117	0
164	116	0
163	115	0
162	114	0
161	113	0
160	112	0
159	111	0
158	110	0
157	109	0
156	108	0
155	107	0
154	106	0
200	200	0
200	199	0
200	198	0
200	197	0
200	196	0
200	195	0
200	194	0
199	193	0
198	192	0
198	191	0
198	190	0
198	189	0
198	188	0
198	187	0
198	186	0
198	185	0
197	184	0
197	183	0
197	182	0
197	181	0
197	180	0
197	179	0
197	178	0
197	177	0
197	176	0
197	175	0
197	174	0
197	173	0
197	172	0
196	171	0
195	170	0
194	169	0
193	168	0
192	167	0
191	166	0
190	165	0
189	164	0
188	163	0
187	162	0
186	161	0
185	160	0
184	159	0
183	158	0
182	157	0
181	156	0
180	155	0
179	154	0
178	153	0
177	152	0
176	151	0
175	150	0
174	149	0
173	148	0
172	147	0
171	146	0
170	145	0
169	144	0
168	143	0
167	142	0
166	141	0
165	140	0
164	139	0
163	138	0
162	137	0
161	136	0
160	135	0
159	134	0
158	133	0
157	132	0
156	131	0
155	130	0
154	129	0
153	128	0
152	127	0
151	126	0
150	125	0
149	124	0
148	123	0
147	122	0
146	121	0
145	120	0
144	119	0
143	118	0
142	117	0
141	116	0
140	115	0
139	114	0
138	113	0
137	112	0
136	111	0
135	110	0
134	109	0
133	108	0
132	107	0
131	106	0
130	105	0
129	104	0
128	103	0
127	102	0
126	101	0
125	100	0
124	99	0
123	98	0
122	97	0
121	96	0
120	95	0
119	95	0
118	95	0
117	95	0
116	95	0
115	95	0
114	95	0
113	95	0
112	95	0
111	95	0
110	95	0
109	95	0
108	95	0
107	95	0
106	95	0
105	95	0
104	95	0
103	95	0
102	95	0
101	95	0
100	95	0
99	95	0
98	95	0
97	95	0
96	96	0
95	97	0
94	98	0
93	99	0
92	100	0
91	101	0
90	102	0
89	103	0
88	104	0
87	105	0
86	106	0
85	107	0
84	108	0
83	109	0
82	110	0
81	111	0
80	112	0
79	111	0
78	110	0
77	109	0
76	108	0
75	107	0
74	106	0
73	105	0
72	104	0
71	103	0
70	102	0
69	101	0
68	100	0
67	99	0
66	98	0
65	97	0
64	96	0
63	95	0
62	94	0
61	93	0
60	92	0
59	91	0
58	90	0
57	89	0
56	88	0
55	87	0
54	86	0
53	85	0
52	84	0
51	83	0
50	82	0
49	81	0
48	80	0
47	79	0
46	78	0
45	77	0
45	76	0
45	75	0
45	74	0
45	73	0
45	72	0
45	71	0
45	70	0
45	69	0
45	68	0
45	67	0
45	66	0
45	65	0
45	64	0
45	63	0
45	62	0
45	61	0
45	60	0
45	59	0
45	58	0
45	57	0
45	56	0
45	55	0
45	54	0
45	53	0
45	52	0
46	51	0
47	50	0
48	49	0
49	48	0
50	47	0
51	46	0
52	45	0
53	44	0
54	43	0
55	42	0
56	41	0
57	40	0
58	39	0
59	38	0
60	37	0
61	36	0
62	35	0
63	34	0
64	33	0
65	32	0
66	31	0
67	30	0
68	29	0
69	28	0
70	27	0
71	26	0
72	25	0
73	24	0
74	23	0
75	22	0
76	21	0
77	20	0
78	19	0
79	18	0
80	17	0
81	16	0
82	16	0
83	16	0
84	16	0
85	16	0
86	16	0
87	16	0
88	16	0
89	16	0
90	16	0
91	16	0
92	16	0
93	16	0
94	16	0
95	16	0
96	16	0
97	16	0
98	16	0
99	16	0
100	16	0
101	16	0
102	16	0
103	16	0
104	16	0
105	16	0
106	16	0
107	16	0
108	16	0
109	16	0
110	16	0
111	16	0
112	16	0
113	16	0
114	16	0
115	16	0
116	16	0
117	16	0
118	16	0
119	16	0
120	16	0
121	16	0
122	16	0
123	16	0
124	16	0
125	16	0
126	16	0
127	16	0
128	16	0
129	16	0
130	16	0
131	16	0
132	16	0
133	16	0
134	16	0
135	16	0
136	16	0
137	16	0
138	16	0
139	16	0
140	17	0
141	18	0
142	19	0
143	20	0
144	21	0
145	22	0
146	23	0
147	24	0
148	25	0
149	26	0
150	27	0
151	28	0
152	29	0
153	30	0
154	31	0
155	32	0
200	200	0
200	199	0
200	198	0
200	197	0
200	196	0
200	195	0
200	194	0
199	193	0
198	192	0
198	191	0
198	190	0
198	189	0
198	188	0
198	187	0
198	186	0
198	185	0
197	184	0
197	183	0
197	182	0
197	181	0
197	180	0
197	179	0
197	178	0
197	177	0
197	176	0
197	175	0
197	174	0
197	173	0
197	172	0
196	171	0
195	170	0
194	169	0
193	168	0
192	167	0
191	166	0
190	165	0
189	164	0
188	163	0
187	162	0
186	161	0
185	160	0
184	159	0
183	158	0
182	157	0
181	156	0
180	155	0
179	154	0
178	153	0
177	152	0
176	151	0
175	150	0
174	149	0
173	148	0
172	147	0
171	146	0
170	145	0
169	144	0
168	143	0
167	142	0
166	141	0
165	140	0
164	139	0
163	138	0
162	137	0
161	136	0
160	135	0
159	134	0
158	133	0
157	132	0
156	131	0
155	130	0
154	129	0
153	128	0
152	127	0
151	126	0
150	125	0
149	124	0
148	123	0
147	122	0
146	121	0
145	120	0
144	119	0
143	118	0
142	117	0
141	116	0
140	115	0
139	114	0
138	113	0
137	112	0
136	111	0
135	110	0
134	109	0
133	108	0
132	107	0
131	106	0
130	105	0
129	104	0
128	103	0
127	102	0
126	101	0
125	100	0
124	99	0
123	98	0
122	97	0
121	96	0
120	95	0
119	95	0
118	95	0
117	95	0
116	95	0
115	95	0
114	95	0
113	95	0
112	95	0
111	95	0
110	95	0
109	95	0
108	95	0
107	95	0
106	95	0
105	95	0
104	95	0
103	95	0
102	95	0
101	95	0
100	95	0
99	95	0
98	95	0
97	95	0
96	96	0
95	97	0
94	98	0
93	99	0
92	100	0
91	101	0
90	102	0
89	103	0
88	104	0
87	105	0
86	106	0
85	107	0
84	108	0
83	109	0
82	110	0
81	111	0
80	112	0
79	111	0
78	110	0
77	109	0
76	108	0
75	107	0
74	106	0
73	105	0
72	104	0
71	103	0
70	102	0
69	101	0
68	100	0
67	99	0
66	98	0
65	97	0
64	96	0
63	95	0
62	94	0
61	93	0
60	92	0
59	91	0
58	90	0
57	89	0
56	88	0
55	87	0
54	86	0
53	85	0
52	84	0
51	83	0
50	82	0
49	81	0
48	80	0
47	79	0
46	78	0
45	77	0
45	76	0
45	75	0
45	74	0
45	73	0
45	72	0
45	71	0
45	70	0
45	69	0
45	68	0
45	67	0
45	66	0
45	65	0
45	64	0
45	63	0
45	62	0
45	61	0
45	60	0
45	59	0
45	58	0
45	57	0
45	56	0
45	55	0
45	54	0
45	53	0
45	52	0
46	51	0
47	50	0
48	49	0
49	48	0
50	47	0
51	46	0
52	45	0
53	44	0
54	43	0
55	42	0
56	41	0
57	40	0
58	39	0
59	38	0
60	37	0
61	36	0
62	35	0
63	34	0
64	33	0
65	32	0
66	31	0
67	30	0
68	29	0
69	28	0
70	27	0
71	26	0
72	25	0
73	24	0
74	23	0
75	22	0
76	21	0
77	20	0
78	19	0
79	18	0
80	17	0
81	16	0
82	16	0
83	16	0
84	16	0
85	16	0
86	16	0
87	16	0
88	16	0
89	16	0
90	16	0
91	16	0
92	16	0
93	16	0
94	16	0
95	16	0
96	16	0
97	16	0
98	16	0
99	16	0
100	16	0
101	16	0
102	16	0
103	16	0
104	16	0
105	16	0
106	16	0
107	16	0
108	16	0
109	16	0
110	16	0
111	16	0
112	16	0
113	16	0
114	16	0
115	16	0
116	16	0
117	16	0
118	16	0
119	16	0
120	16	0
121	16	0
122	16	0
123	16	0
124	16	0
125	16	0
126	16	0
127	16	0
128	16	0
129	16	0
130	16	0
131	16	0
132	16	0
133	16	0
134	16	0
135	16	0
136	16	0
137	16	0
138	16	0
139	16	0
140	16	0
141	16	0
142	16	0
143	16	0
144	16	0
145	16	0
146	16	0
147	16	0
148	16	0
149	16	0
150	16	0
151	16	0
152	16	0
153	16	0
154	16	0
155	16	0
156	16	0
157	16	0
158	16	0
159	16	0
160	16	0
161	16	0
162	16	0
163	16	0
164	16	0
165	16	0
166	16	0
167	16	0
168	16	0
169	16	0
170	16	0
171	16	0
172	16	0
173	16	0
174	17	0
175	18	0
176	19	0
177	20	0
178	21	0
179	22	0
180	23	0
181	24	0
182	25	0
183	26	0
184	27	0
185	28	0
186	29	0
187	30	0
188	31	0
189	32	0
200	200	0
200	199	0
200	198	0
200	197	0
200	196	0
200	195	0
200	194	0
199	193	0
198	192	0
198	191	0
198	190	0
198	189	0
198	188	0
198	187	0
198	186	0
198	185	0
197	184	0
197	183	0
197	182	0
197	181	0
197	180	0
197	179	0
197	178	0
197	177	0
197	176	0
197	175	0
197	174	0
197	173	0
197	172	0
196	171	0
195	170	0
194	169	0
193	168	0
192	167	0
191	166	0
190	165	0
189	164	0
188	163	0
187	162	0
186	161	0
185	160	0
184	159	0
183	158	0
182	157	0
181	156	0
180	155	0
179	154	0
178	153	0
177	152	0
176	151	0
175	150	0
174	149	0
173	148	0
172	147	0
171	146	0
170	145	0
169	144	0
168	143	0
167	142	0
166	141	0
165	140	0
164	139	0
163	138	0
162	137	0
161	136	0
160	135	0
159	134	0
158	133	0
157	132	0
156	131	0
155	130	0
154	129	0
153	128	0
152	127	0
151	126	0
150	125	0
149	124	0
148	123	0
147	122	0
146	121	0
145	120	0
144	119	0
143	118	0
142	117	0
141	116	0
140	115	0
139	114	0
138	113	0
137	112	0
136	111	0
135	110	0
134	109	0
133	108	0
132	107	0
131	106	0
130	105	0
129	104	0
128	103	0
127	102	0
126	101	0
125	100	0
124	99	0
123	98	0
122	97	0
121	96	0
120	95	0
119	95	0
118	95	0
117	95	0
116	95	0
115	95	0
114	95	0
113	95	0
112	95	0
111	95	0
110	95	0
109	95	0
108	95	0
107	95	0
106	95	0
105	95	0
104	95	0
103	95	0
102	95	0
101	95	0
100	95	0
99	95	0
98	95	0
97	95	0
96	96	0
95	97	0
94	98	0
93	99	0
92	100	0
91	101	0
90	102	0
89	103	0
88	104	0
87	105	0
86	106	0
85	107	0
84	108	0
83	109	0
82	110	0
81	111	0
80	112	0
79	111	0
78	110	0
77	109	0
76	108	0
75	107	0
74	106	0
73	105	0
72	104	0
71	103	0
70	102	0
69	101	0
68	100	0
67	99	0
66	98	0
65	97	0
64	96	0
63	95	0
62	94	0
61	93	0
60	92	0
59	91	0
58	90	0
57	89	0
56	88	0
55	87	0
54	86	0
53	85	0
52	84	0
51	83	0
50	82	0
49	81	0
48	80	0
47	79	0
46	78	0
45	77	0
45	76	0
45	75	0
45	74	0
45	73	0
45	72	0
45	71	0
45	70	0
45	69	0
45	68	0
45	67	0
45	66	0
45	65	0
45	64	0
45	63	0
45	62	0
45	61	0
45	60	0
45	59	0
45	58	0
45	57	0
45	56	0
45	55	0
45	54	0
45	53	0
45	52	0
46	51	0
47	50	0
48	49	0
49	48	0
50	47	0
51	46	0
52	45	0
53	44	0
54	43	0
55	42	0
56	41	0
57	40	0
58	39	0
59	38	0
60	37	0
61	36	0
62	35	0
63	34	0
64	33	0
65	32	0
66	31	0
67	30	0
68	29	0
69	28	0
70	27	0
71	26	0
72	25	0
73	24	0
74	23	0
75	22	0
76	21	0
77	20	0
78	19	0
79	18	0
80	17	0
81	16	0
82	16	0
83	16	0
84	16	0
85	16	0
86	16	0
87	16	0
88	16	0
89	16	0
90	16	0
91	16	0
92	16	0
93	16	0
94	16	0
95	16	0
96	16	0
97	16	0
98	16	0
99	16	0
100	16	0
101	16	0
102	16	0
103	16	0
104	16	0
105	16	0
106	16	0
107	16	0
108	16	0
109	16	0
110	16	0
111	16	0
112	16	0
113	16	0
114	16	0
115	16	0
116	16	0
117	16	0
118	16	0
119	16	0
120	16	0
121	16	0
122	16	0
123	16	0
124	16	0
125	16	0
126	16	0
127	16	0
128	16	0
129	16	0
130	16	0
131	16	0
132	16	0
133	16	0
134	16	0
135	16	0
136	16	0
137	16	0
138	16	0
139	16	0
140	16	0
141	16	0
142	16	0
143	16	0
144	16	0
145	16	0
146	16	0
147	16	0
148	16	0
149	16	0
150	16	0
151	16	0
152	16	0
153	16	0
154	16	0
155	16	0
156	16	0
157	16	0
158	16	0
159	16	0
160	16	0
161	16	0
162	16	0
163	16	0
164	16	0
165	16	0
166	16	0
167	16	0
168	16	0
169	16	0
170	16	0
171	16	0
172	16	0
173	16	0
174	16	0
175	16	0
176	16	0
177	16	0
178	16	0
179	16	0
180	16	0
181	16	0
182	16	0
183	16	0
184	16	0
185	16	0
186	16	0
187	16	0
188	16	0
189	16	0
190	16	0
191	16	0
192	16	0
193	16	0
194	16	0
195	16	0
196	16	0
197	16	0
198	16	0
199	16	0
200	16	0
201	16	0
202	16	0
203	16	0
204	16	0
205	16	0
206	16	0
207	16	0
208	16	0
209	16	0
210	16	0
211	16	0
212	16	0
213	16	0
214	16	0
215	17	0
216	18	0
217	19	0
218	20	0
219	21	0
220	22	0
221	23	0
222	24	0
223	25	0
224	26	0
225	27	0
226	28	0
227	29	0
228	30	0
229	31	0
200	200	0
199	200	0
198	200	0
197	200	0
196	200	0
195	200	0
194	200	0
193	200	0
192	200	0
191	200	0
190	200	0
189	200	0
188	200	0
187	200	0
186	200	0
185	200	0
184	200	0
183	200	0
182	200	0
181	200	0
180	200	0
179	200	0
178	200	0
177	200	0
176	200	0
175	200	0
174	200	0
173	200	0
172	200	0
171	200	0
170	200	0
169	200	0
168	200	0
167	200	0
166	200	0
165	200	0
164	200	0
163	200	0
162	200	0
161	200	0
160	200	0
159	200	0
158	200	0
157	200	0
156	200	0
155	200	0
154	200	0
153	200	0
152	200	0
151	200	0
150	200	0
149	200	0
148	200	0
147	200	0
146	200	0
145	200	0
144	200	0
143	200	0
142	200	0
141	200	0
140	200	0
139	200	0
138	200	0
137	200	0
136	200	0
135	200	0
134	200	0
133	200	0
132	200	0
131	200	0
130	200	0
129	200	0
128	200	0
127	200	0
126	200	0
125	200	0
124	200	0
123	200	0
122	200	0
121	200	0
120	200	0
119	200	0
118	200	0
117	200	0
116	200	0
115	200	0
114	200	0
113	200	0
112	200	0
111	200	0
110	200	0
109	200	0
108	200	0
107	200	0
106	200	0
105	200	0
104	200	0
103	200	0
102	200	0
101	200	0
100	200	0
99	200	0
98	200	0
97	200	0
96	200	0
95	200	0
94	200	0
93	200	0
92	200	0
91	200	0
90	200	0
89	200	0
88	200	0
87	200	0
86	200	0
85	200	0
84	200	0
83	200	0
82	200	0
81	200	0
80	200	0
79	200	0
78	200	0
77	200	0
76	199	0
75	198	0
74	197	0
73	197	0
72	197	0
71	197	0
70	197	0
69	197	0
68	197	0
200	200	0
199	200	0
198	200	0
197	200	0
196	201	0
195	202	0
194	203	0
193	203	0
192	203	0
191	203	0
190	203	0
189	203	0
188	203	0
187	203	0
186	203	0
185	204	0
184	205	0
183	206	0
182	207	0
181	208	0
180	209	0
179	210	0
178	211	0
177	212	0
176	213	0
175	214	0
174	215	0
173	216	0
172	217	0
171	218	0
170	219	0
169	220	0
168	221	0
167	222	0
166	223	0
165	224	0
164	225	0
163	226	0
162	227	0
161	228	0
160	229	0
159	230	0
158	231	0
157	232	0
156	233	0
155	234	0
154	235	0
153	236	0
152	237	0
151	237	0
150	238	0
149	239	0
148	240	0
147	241	0
146	242	0
145	243	0
144	244	0
143	245	0
142	246	0
200	200	0
200	199	0
200	198	0
200	197	0
200	196	0
200	195	0
200	194	0
199	193	0
198	192	0
198	191	0
198	190	0
198	189	0
198	188	0
198	187	0
198	186	0
198	185	0
197	184	0
197	183	0
197	182	0
197	181	0
197	180	0
197	179	0
197	178	0
197	177	0
197	176	0
197	175	0
197	174	0
197	173	0
197	172	0
196	171	0
195	170	0
194	169	0
193	168	0
192	167	0
191	166	0
190	165	0
189	164	0
188	163	0
187	162	0
186	161	0
185	160	0
184	159	0
183	158	0
182	157	0
181	156	0
180	155	0
179	154	0
178	153	0
177	152	0
176	151	0
175	150	0
174	149	0
173	148	0
172	147	0
171	146	0
170	145	0
169	144	0
168	143	0
167	142	0
166	141	0
165	140	0
164	139	0
163	138	0
162	137	0
161	136	0
160	135	0
159	134	0
158	133	0
157	132	0
156	131	0
155	130	0
154	129	0
153	128	0
152	127	0
151	126	0
150	125	0
149	124	0
148	123	0
147	122	0
146	121	0
145	120	0
144	119	0
143	118	0
142	117	0
141	116	0
140	115	0
139	114	0
138	113	0
137	112	0
136	111	0
135	110	0
134	109	0
133	108	0
132	107	0
131	106	0
130	105	0
129	104	0
128	103	0
127	102	0
126	101	0
125	100	0
124	99	0
123	98	0
122	97	0
121	96	0
120	95	0
119	95	0
118	95	0
117	95	0
116	95	0
115	95	0
114	95	0
113	95	0
112	95	0
111	95	0
110	95	0
109	95	0
108	95	0
107	95	0
106	95	0
105	95	0
104	95	0
103	95	0
102	95	0
101	95	0
100	95	0
99	95	0
98	95	0
97	95	0
96	96	0
95	97	0
94	98	0
93	99	0
92	100	0
91	101	0
90	102	0
89	103	0
88	104	0
87	105	0
86	106	0
85	107	0
84	108	0
83	109	0
82	110	0
81	111	0
80	112	0
79	113	0
200	200	0
200	199	0
200	198	0
200	197	0
200	196	0
200	195	0
200	194	0
199	193	0
198	192	0
198	191	0
198	190	0
198	189	0
198	188	0
198	187	0
198	186	0
198	185	0
197	184	0
197	183	0
197	182	0
197	181	0
197	180	0
197	179	0
197	178	0
197	177	0
197	176	0
197	175	0
197	174	0
197	173	0
197	172	0
196	171	0
195	170	0
194	169	0
193	168	0
192	167	0
191	166	0
190	165	0
189	164	0
188	163	0
187	162	0
186	161	0
185	160	0
184	159	0
183	158	0
182	157	0
181	156	0
180	155	0
179	154	0
178	153	0
177	152	0
176	151	0
175	150	0
174	149	0
173	148	0
172	147	0
171	146	0
170	145	0
169	144	0
168	143	0
167	142	0
166	141	0
165	140	0
164	139	0
163	138	0
162	137	0
161	136	0
160	135	0
159	134	0
158	133	0
157	132	0
156	131	0
155	130	0
154	129	0
153	128	0
152	127	0
151	126	0
150	125	0
149	124	0
148	123	0
147	122	0
146	121	0
145	120	0
144	119	0
143	118	0
142	117	0
141	116	0
140	115	0
139	114	0
138	113	0
137	112	0
136	111	0
135	110	0
134	109	0
133	108	0
132	107	0
131	106	0
130	105	0
129	104	0
128	103	0
127	102	0
126	101	0
125	100	0
124	99	0
123	98	0
122	97	0
121	96	0
120	95	0
119	95	0
118	95	0
117	95	0
116	95	0
115	95	0
114	95	0
113	95	0
112	95	0
111	95	0
110	95	0
109	95	0
108	95	0
107	95	0
106	95	0
105	95	0
104	95	0
103	95	0
102	95	0
101	95	0
100	95	0
99	95	0
98	95	0
97	95	0
96	96	0
95	97	0
94	98	0
93	99	0
92	100	0
91	101	0
90	102	0
89	103	0
88	104	0
87	105	0
86	106	0
85	107	0
84	108	0
83	109	0
82	110	0
81	111	0
80	112	0
79	111	0
78	110	0
77	109	0
76	108	0
75	107	0
74	106	0
73	105	0
72	104	0
71	103	0
70	102	0
69	101	0
68	100	0
67	99	0
66	98	0
65	97	0
64	96	0
63	95	0
62	94	0
61	93	0
60	92	0
59	91	0
58	90	0
57	89	0
56	88	0
55	87	0
54	86	0
53	85	0
52	84	0
51	83	0
50	82	0
49	81	0
48	80	0
47	79	0
46	78	0
45	77	0
45	76	0
45	75	0
45	74	0
45	73	0
45	72	0
45	71	0
45	70	0
45	69	0
45	68	0
45	67	0
45	66	0
45	65	0
45	64	0
45	63	0
45	62	0
45	61	0
45	60	0
45	59	0
45	58	0
45	57	0
45	56	0
45	55	0
45	54	0
45	53	0
45	52	0
46	51	0
47	50	0
48	49	0
49	48	0
50	47	0
51	46	0
52	45	0
53	44	0
54	43	0
55	42	0
56	41	0
57	40	0
58	39	0
59	39	0
60	40	0
61	41	0
62	42	0
63	43	0
200	200	0
200	199	0
200	198	0
200	197	0
200	196	0
200	195	0
200	194	0
199	193	0
198	192	0
198	191	0
198	190	0
198	189	0
198	188	0
198	187	0
198	186	0
198	185	0
197	184	0
197	183	0
197	182	0
197	181	0
197	180	0
197	179	0
197	178	0
197	177	0
197	176	0
197	175	0
197	174	0
197	173	0
197	172	0
196	171	0
195	170	0
194	169	0
193	168	0
192	167	0
191	166	0
190	165	0
189	164	0
188	163	0
187	162	0
186	161	0
185	160	0
184	159	0
183	158	0
182	157	0
181	156	0
180	155	0
179	154	0
178	153	0
177	152	0
176	151	0
175	150	0
174	149	0
173	148	0
172	147	0
171	146	0
170	145	0
169	144	0
168	143	0
167	142	0
166	141	0
165	140	0
164	139	0
163	138	0
162	137	0
161	136	0
160	135	0
159	134	0
158	133	0
157	132	0
156	131	0
155	130	0
154	129	0
153	128	0
152	127	0
151	126	0
150	125	0
149	124	0
148	123	0
147	122	0
146	121	0
145	120	0
144	119	0
143	118	0
142	117	0
141	116	0
140	115	0
139	114	0
138	113	0
137	112	0
136	111	0
135	110	0
134	109	0
133	108	0
132	107	0
131	106	0
130	105	0
129	104	0
128	103	0
127	102	0
126	101	0
125	100	0
124	99	0
123	98	0
122	97	0
121	96	0
120	95	0
119	95	0
118	95	0
117	95	0
116	95	0
115	95	0
114	95	0
113	95	0
112	95	0
111	95	0
110	95	0
109	95	0
108	95	0
107	95	0
106	95	0
105	95	0
104	95	0
103	95	0
102	95	0
101	95	0
100	95	0
99	95	0
98	95	0
97	95	0
96	96	0
95	97	0
94	98	0
93	99	0
92	100	0
91	101	0
90	102	0
89	103	0
88	104	0
87	105	0
86	106	0
85	107	0
84	108	0
83	109	0
82	110	0
81	111	0
80	112	0
79	111	0
78	110	0
77	109	0
76	108	0
75	107	0
74	106	0
73	105	0
72	104	0
71	103	0
70	102	0
69	101	0
68	100	0
67	99	0
66	98	0
65	97	0
64	96	0
63	95	0
62	94	0
61	93	0
60	92	0
59	91	0
58	90	0
57	89	0
56	88	0
55	87	0
54	86	0
53	85	0
52	84	0
51	83	0
50	82	0
49	81	0
48	80	0
47	79	0
46	78	0
45	77	0
45	76	0
45	75	0
45	74	0
45	73	0
45	72	0
45	71	0
45	70	0
45	69	0
45	68	0
45	67	0
45	66	0
45	65	0
45	64	0
45	63	0
45	62	0
45	61	0
45	60	0
45	59	0
45	58	0
45	57	0
45	56	0
45	55	0
45	54	0
45	53	0
45	52	0
46	51	0
47	50	0
48	49	0
49	48	0
50	47	0
51	46	0
52	45	0
53	44	0
54	43	0
55	42	0
56	41	0
57	40	0
58	39	0
59	38	0
60	37	0
61	36	0
62	35	0
63	34	0
64	33	0
65	32	0
66	31	0
67	30	0
68	29	0
69	28	0
70	27	0
71	26	0
72	25	0
73	24	0
74	23	0
75	22	0
76	21	0
77	20	0
78	19	0
79	18	0
80	17	0
81	16	0
82	16	0
83	16	0
84	16	0
85	16	0
86	16	0
87	16	0
88	16	0
89	16	0
90	16	0
91	16	0
92	16	0
93	16	0
94	16	0
95	16	0
96	16	0
97	16	0
98	16	0
99	16	0
100	16	0
101	16	0
102	16	0
103	16	0
104	16	0
105	16	0
106	16	0
107	16	0
108	16	0
109	16	0
110	16	0
111	16	0
112	16	0
113	16	0
114	16	0
115	16	0
116	16	0
117	16	0
118	16	0
119	16	0
120	16	0
121	16	0
122	16	0
123	16	0
124	16	0
125	16	0
126	16	0
127	16	0
128	16	0
129	16	0
130	16	0
131	16	0
132	16	0
133	16	0
134	16	0
135	16	0
136	16	0
137	16	0
138	16	0
139	16	0
140	16	0
141	16	0
142	16	0
143	16	0
144	16	0
145	16	0
146	16	0
147	16	0
148	16	0
149	16	0
150	16	0
151	16	0
152	16	0
153	16	0
154	16	0
155	16	0
156	16	0
157	16	0
158	16	0
159	16	0
160	16	0
161	16	0
162	16	0
163	16	0
164	16	0
165	16	0
166	16	0
167	16	0
168	16	0
169	16	0
170	16	0
171	16	0
172	16	0
173	16	0
174	16	0
175	16	0
176	16	0
177	16	0
178	16	0
179	16	0
180	16	0
181	16	0
182	16	0
183	16	0
184	16	0
185	16	0
186	16	0
187	16	0
188	16	0
189	16	0
190	16	0
191	16	0
192	16	0
193	17	0
200	200	0
200	201	0
200	202	0
200	203	0
200	204	0
200	205	0
200	206	0
200	207	0
200	208	0
200	209	0
200	210	0
200	211	0
200	212	0
200	213	0
200	214	0
200	215	0
200	216	0
200	217	0
200	218	0
200	219	0
200	220	0
200	221	0
200	222	0
200	223	0
200	224	0
200	225	0
200	226	0
200	227	0
200	228	0
200	229	0
200	230	0
200	231	0
200	232	0
200	233	0
200	234	0
200	235	0
200	236	0
200	237	0
200	238	0
200	239	0
200	240	0
200	241	0
200	242	0
200	243	0
200	244	0
200	245	0
200	246	0
200	247	0
200	248	0
200	249	0
200	250	0
200	251	0
200	252	0
200	253	0
200	254	0
200	255	0
200	256	0
200	257	0
200	258	0
200	259	0
200	260	0
200	261	0
200	262	0
200	263	0
200	264	0
200	265	0
200	266	0
200	267	0
200	268	0
200	269	0
200	270	0
200	271	0
200	272	0
200	273	0
200	274	0
200	275	0
200	276	0
200	277	0
200	278	0
200	279	0
200	280	0
200	281	0
200	282	0
200	283	0
200	284	0
200	285	0
200	286	0
200	287	0
200	288	0
200	289	0
200	290	0
200	200	0
200	201	0
200	202	0
200	203	0
200	204	0
200	205	0
200	206	0
200	207	0
200	208	0
200	209	0
200	210	0
200	211	0
200	212	0
200	213	0
200	214	0
200	215	0
200	216	0
200	217	0
200	218	0
200	219	0
200	220	0
200	221	0
200	222	0
200	223	0
200	224	0
200	225	0
200	226	0
200	227	0
200	228	0
200	229	0
200	230	0
200	231	0
200	232	0
200	233	0
200	234	0
200	235	0
200	236	0
200	237	0
200	238	0
200	239	0
200	240	0
200	241	0
200	242	0
200	243	0
200	244	0
200	245	0
200	246	0
200	247	0
200	248	0
200	249	0
200	250	0
200	251	0
200	252	0
200	253	0
200	254	0
200	255	0
200	256	0
200	257	0
200	258	0
200	259	0
200	260	0
200	261	0
200	262	0
200	263	0
200	264	0
200	265	0
200	266	0
200	267	0
200	268	0
200	269	0
200	270	0
200	271	0
200	272	0
200	273	0
200	274	0
200	275	0
200	276	0
200	277	0
200	278	0
200	279	0
200	280	0
200	281	0
199	282	0
198	283	0
197	284	0
196	285	0
195	286	0
194	287	0
193	288	0
192	289	0
191	290	0
190	291	0
189	292	0
188	293	0
187	294	0
186	295	0
185	296	0
184	297	0
183	298	0
182	299	0
181	300	0
180	301	0
179	302	0
178	303	0
177	304	0
176	305	0
175	306	0
174	307	0
173	308	0
172	309	0
171	310	0
170	311	0
169	312	0
200	200	0
199	200	0
198	200	0
197	200	0
196	200	0
195	200	0
194	200	0
193	200	0
192	200	0
191	200	0
190	200	0
189	200	0
188	200	0
187	200	0
186	200	0
185	200	0
184	200	0
183	200	0
182	200	0
181	200	0
180	200	0
179	200	0
178	200	0
177	200	0
176	200	0
175	200	0
174	200	0
173	200	0
172	200	0
171	200	0
170	200	0
169	200	0
168	200	0
167	200	0
166	200	0
165	200	0
164	200	0
163	200	0
162	200	0
161	200	0
160	200	0
159	200	0
158	200	0
157	200	0
156	200	0
155	200	0
154	200	0
153	200	0
152	200	0
151	200	0
150	200	0
149	200	0
148	200	0
147	200	0
146	200	0
145	200	0
144	200	0
143	200	0
142	200	0
141	200	0
140	200	0
139	200	0
138	200	0
137	200	0
136	200	0
135	200	0
134	200	0
133	200	0
132	200	0
131	200	0
130	200	0
129	200	0
128	200	0
127	200	0
126	200	0
125	200	0
124	200	0
123	200	0
122	200	0
121	200	0
120	200	0
119	200	0
118	200	0
117	200	0
116	200	0
115	200	0
114	200	0
113	200	0
112	200	0
111	200	0
110	200	0
109	200	0
108	200	0
107	200	0
106	200	0
105	200	0
104	200	0
103	200	0
102	200	0
101	200	0
100	200	0
99	200	0
98	200	0
97	200	0
96	200	0
95	200	0
94	200	0
93	200	0
92	200	0
91	200	0
90	200	0
89	200	0
88	200	0
87	200	0
86	200	0
85	200	0
84	200	0
83	200	0
82	200	0
81	201	0
80	202	0
79	203	0
78	204	0
77	205	0
200	200	0
199	200	0
198	200	0
197	200	0
196	200	0
195	200	0
194	200	0
193	200	0
192	200	0
191	200	0
190	200	0
189	200	0
188	200	0
187	200	0
186	200	0
185	200	0
184	200	0
183	200	0
182	200	0
181	200	0
180	200	0
179	200	0
178	200	0
177	200	0
176	200	0
175	200	0
174	200	0
173	200	0
172	200	0
171	200	0
170	200	0
169	200	0
168	200	0
167	200	0
166	200	0
165	200	0
164	200	0
163	200	0
162	200	0
161	200	0
160	200	0
159	200	0
158	200	0
157	200	0
156	200	0
155	200	0
154	200	0
153	200	0
152	200	0
151	200	0
150	200	0
149	200	0
148	200	0
147	200	0
146	200	0
145	200	0
144	200	0
143	200	0
142	200	0
141	200	0
140	200	0
139	200	0
138	200	0
137	200	0
136	200	0
135	200	0
134	200	0
133	200	0
132	200	0
131	200	0
130	200	0
129	200	0
128	200	0
127	200	0
126	200	0
125	200	0
124	200	0
123	200	0
122	200	0
121	200	0
120	200	0
119	200	0
118	200	0
117	200	0
116	200	0
115	200	0
114	200	0
113	200	0
112	200	0
111	201	0
110	202	0
109	203	0
108	204	0
107	205	0
106	206	0
105	207	0
104	208	0
103	209	0
102	210	0
101	211	0
100	212	0
99	213	0
98	214	0
97	215	0
96	216	0
95	217	0
94	218	0
93	219	0
92	220	0
91	221	0
90	222	0
89	223	0
88	224	0
87	225	0
86	226	0
85	227	0
84	228	0
83	229	0
82	230	0
81	231	0
80	232	0
79	233	0
78	234	0
77	235	0
76	236	0
75	237	0
74	238	0
73	239	0
72	240	0
71	241	0
70	242	0
69	243	0
68	244	0
67	245	0
66	246	0
65	247	0
64	248	0
63	249	0
63	250	0
63	251	0
63	252	0
63	253	0
63	254	0
63	255	0
63	256	0
63	257	0
63	258	0
63	259	0
63	260	0
63	261	0
63	262	0
63	263	0
63	264	0
63	265	0
63	266	0
63	267	0
63	268	0
63	269	0
63	270	0
63	271	0
63	272	0
63	273	0
63	274	0
63	275	0
63	276	0
63	277	0
63	278	0
63	279	0
63	280	0
63	281	0
63	282	0
63	283	0
63	284	0
63	285	0
63	286	0
63	287	0
63	288	0
62	289	0
61	290	0
60	291	0
59	292	0
58	293	0
57	294	0
56	295	0
200	200	0
200	199	0
200	198	0
200	197	0
200	196	0
200	195	0
200	194	0
199	193	0
198	192	0
198	191	0
198	190	0
198	189	0
198	188	0
198	187	0
198	186	0
198	185	0
197	184	0
197	183	0
197	182	0
197	181	0
197	180	0
197	179	0
197	178	0
197	177	0
197	176	0
197	175	0
197	174	0
197	173	0
197	172	0
196	171	0
195	170	0
194	169	0
193	168	0
192	167	0
191	166	0
190	165	0
189	164	0
188	163	0
187	162	0
186	161	0
185	160	0
184	159	0
183	158	0
182	157	0
181	156	0
180	155	0
179	154	0
178	153	0
177	152	0
176	151	0
175	150	0
174	149	0
173	148	0
172	147	0
171	146	0
170	145	0
169	144	0
168	143	0
167	142	0
166	141	0
165	140	0
164	139	0
163	138	0
162	137	0
161	136	0
160	135	0
159	134	0
158	133	0
157	132	0
156	131	0
155	130	0
154	129	0
153	128	0
152	127	0
151	126	0
150	125	0
149	124	0
148	123	0
147	122	0
146	121	0
145	120	0
144	119	0
143	118	0
142	117	0
141	116	0
140	115	0
139	114	0
138	113	0
137	112	0
136	111	0
135	110	0
134	109	0
133	108	0
132	107	0
131	106	0
130	105	0
129	104	0
128	103	0
127	102	0
126	101	0
125	100	0
124	99	0
123	98	0
122	97	0
121	96	0
120	95	0
119	95	0
118	95	0
117	95	0
116	95	0
115	95	0
114	95	0
113	95	0
112	95	0
111	95	0
110	95	0
109	95	0
108	95	0
107	95	0
106	95	0
105	95	0
104	95	0
103	95	0
102	95	0
101	95	0
100	95	0
99	95	0
98	95	0
97	95	0
96	96	0
95	97	0
94	98	0
93	99	0
92	100	0
91	101	0
90	102	0
89	103	0
88	104	0
87	105	0
86	106	0
85	107	0
84	108	0
83	109	0
82	110	0
81	111	0
80	112	0
79	112	0
78	112	0
77	112	0
76	112	0
75	112	0
74	112	0
73	112	0
72	112	0
71	112	0
70	112	0
69	112	0
68	112	0
67	112	0
66	112	0
65	112	0
64	112	0
63	112	0
62	112	0
61	112	0
60	112	0
59	112	0
58	112	0
57	112	0
56	112	0
55	112	0
54	112	0
53	112	0
52	112	0
51	112	0
200	200	0
200	199	0
200	198	0
200	197	0
200	196	0
200	195	0
200	194	0
199	193	0
198	192	0
198	191	0
198	190	0
198	189	0
198	188	0
198	187	0
198	186	0
198	185	0
197	184	0
197	183	0
197	182	0
197	181	0
197	180	0
197	179	0
197	178	0
197	177	0
197	176	0
197	175	0
197	174	0
197	173	0
197	172	0
196	171	0
195	170	0
194	169	0
193	168	0
192	167	0
191	166	0
190	165	0
189	164	0
188	163	0
187	162	0
186	161	0
185	160	0
184	159	0
183	158	0
182	157	0
181	156	0
180	155	0
179	154	0
178	153	0
177	152	0
176	151	0
175	150	0
174	149	0
173	148	0
172	147	0
171	146	0
170	145	0
169	144	0
168	143	0
167	142	0
166	141	0
165	140	0
164	139	0
163	138	0
162	137	0
161	136	0
160	135	0
159	134	0
158	133	0
157	132	0
156	131	0
155	130	0
154	129	0
153	128	0
152	127	0
151	126	0
150	125	0
149	124	0
148	123	0
147	122	0
146	121	0
145	120	0
144	119	0
143	118	0
142	117	0
141	116	0
140	115	0
139	114	0
138	113	0
137	112	0
136	111	0
135	110	0
134	109	0
133	108	0
132	107	0
131	106	0
130	105	0
129	104	0
128	103	0
127	102	0
126	101	0
125	100	0
124	99	0
123	98	0
122	97	0
121	96	0
120	95	0
119	95	0
118	95	0
117	95	0
116	95	0
115	95	0
114	95	0
113	95	0
112	95	0
111	95	0
110	95	0
109	95	0
108	95	0
107	95	0
106	95	0
105	95	0
104	95	0
103	95	0
102	95	0
101	95	0
100	95	0
99	95	0
98	95	0
97	95	0
96	96	0
95	97	0
94	98	0
93	99	0
92	100	0
91	101	0
90	102	0
89	103	0
88	104	0
87	105	0
86	106	0
85	107	0
84	108	0
83	109	0
82	110	0
81	111	0
80	112	0
79	111	0
78	110	0
77	109	0
76	108	0
75	107	0
74	106	0
73	105	0
72	104	0
71	103	0
70	102	0
69	101	0
68	100	0
67	99	0
66	98	0
65	97	0
64	96	0
63	95	0
62	94	0
61	93	0
60	92	0
59	91	0
58	90	0
57	89	0
56	88	0
55	87	0
54	86	0
53	85	0
52	84	0
51	83	0
50	82	0
49	81	0
48	80	0
47	79	0
46	78	0
45	77	0
45	76	0
45	75	0
45	74	0
45	73	0
45	72	0
45	71	0
45	70	0
45	69	0
45	68	0
45	67	0
45	66	0
45	65	0
45	64	0
45	63	0
45	62	0
45	61	0
45	60	0
45	59	0
45	58	0
45	57	0
45	56	0
45	55	0
45	54	0
45	53	0
45	52	0
46	51	0
47	50	0
48	49	0
49	48	0
50	47	0
51	46	0
52	45	0
53	44	0
54	43	0
55	42	0
56	41	0
57	40	0
58	39	0
59	38	0
60	37	0
61	36	0
62	35	0
63	34	0
64	33	0
65	32	0
66	31	0
67	30	0
68	29	0
69	28	0
70	27	0
71	26	0
72	25	0
73	24	0
74	23	0
75	22	0
76	21	0
77	20	0
78	19	0
79	18	0
80	17	0
81	16	0
82	16	0
83	16	0
84	16	0
85	16	0
86	16	0
87	16	0
88	16	0
89	16	0
90	16	0
91	16	0
92	16	0
93	16	0
94	16	0
95	16	0
96	16	0
97	16	0
98	16	0
99	16	0
100	16	0
101	16	0
102	16	0
103	16	0
104	16	0
105	16	0
106	16	0
107	16	0
108	16	0
109	16	0
110	16	0
111	16	0
112	16	0
113	16	0
114	16	0
115	16	0
116	16	0
117	16	0
118	16	0
119	16	0
120	16	0
121	16	0
122	16	0
123	16	0
124	16	0
125	16	0
126	16	0
127	16	0
128	16	0
129	16	0
130	16	0
131	16	0
132	16	0
133	16	0
134	16	0
135	16	0
136	16	0
137	16	0
138	16	0
139	16	0
140	16	0
141	16	0
142	16	0
143	16	0
144	16	0
145	16	0
146	16	0
147	16	0
148	16	0
149	16	0
150	16	0
151	16	0
152	16	0
153	16	0
154	16	0
155	16	0
156	16	0
157	16	0
158	16	0
159	16	0
160	16	0
161	16	0
162	16	0
163	16	0
164	16	0
165	16	0
166	16	0
167	16	0
168	16	0
169	16	0
170	16	0
171	16	0
172	16	0
173	16	0
174	16	0
175	16	0
176	16	0
177	16	0
178	16	0
179	16	0
180	16	0
181	16	0
182	16	0
183	16	0
184	16	0
185	16	0
186	16	0
187	16	0
188	16	0
189	16	0
190	16	0
191	16	0
192	16	0
193	16	0
194	16	0
195	16	0
196	16	0
197	16	0
198	16	0
199	16	0
200	16	0
201	16	0
202	16	0
203	16	0
204	16	0
205	16	0
206	16	0
207	16	0
208	15	0
209	14	0
210	13	0
211	12	0
212	11	0
213	10	0
214	9	0
215	8	0
200	200	0
199	200	0
198	200	0
197	200	0
196	200	0
195	200	0
194	200	0
193	200	0
192	200	0
191	200	0
190	200	0
189	200	0
188	200	0
187	200	0
186	200	0
185	200	0
184	200	0
183	200	0
182	200	0
181	200	0
180	200	0
179	200	0
178	200	0
177	200	0
176	200	0
175	200	0
174	200	0
173	200	0
172	200	0
171	200	0
170	200	0
169	200	0
168	200	0
167	200	0
166	200	0
165	200	0
164	200	0
163	200	0
162	200	0
161	200	0
160	200	0
159	200	0
158	200	0
157	200	0
156	200	0
155	200	0
154	200	0
153	200	0
152	200	0
151	200	0
150	200	0
149	200	0
148	200	0
147	200	0
146	200	0
145	200	0
144	200	0
143	200	0
142	200	0
141	200	0
140	200	0
139	200	0
138	200	0
137	200	0
136	200	0
135	200	0
134	200	0
133	200	0
132	200	0
131	200	0
130	200	0
129	200	0
128	200	0
127	200	0
126	200	0
125	200	0
124	200	0
123	200	0
122	200	0
121	200	0
120	200	0
119	200	0
118	200	0
117	200	0
116	200	0
115	200	0
114	200	0
113	200	0
112	200	0
111	200	0
110	200	0
109	200	0
108	200	0
107	200	0
106	200	0
105	200	0
104	200	0
103	200	0
102	200	0
101	200	0
100	200	0
99	200	0
98	200	0
97	200	0
96	200	0
95	200	0
94	200	0
93	200	0
92	200	0
91	200	0
90	200	0
89	201	0
88	202	0
87	203	0
86	204	0
85	205	0
84	206	0
83	207	0
82	208	0
81	209	0
200	200	0
200	199	0
200	198	0
200	197	0
200	196	0
200	195	0
200	194	0
199	193	0
198	192	0
198	191	0
198	190	0
198	189	0
198	188	0
198	187	0
198	186	0
198	185	0
197	184	0
197	183	0
197	182	0
197	181	0
197	180	0
197	179	0
197	178	0
197	177	0
197	176	0
197	175	0
197	174	0
197	173	0
197	172	0
196	171	0
195	170	0
194	169	0
193	168	0
192	167	0
191	166	0
190	165	0
189	164	0
188	163	0
187	162	0
186	161	0
185	160	0
184	159	0
183	158	0
182	157	0
181	156	0
180	155	0
179	154	0
178	153	0
177	152	0
176	151	0
175	150	0
174	149	0
173	148	0
172	147	0
171	146	0
170	145	0
169	144	0
168	143	0
167	142	0
166	141	0
165	140	0
164	139	0
163	138	0
162	137	0
161	136	0
160	135	0
159	134	0
158	133	0
157	132	0
156	131	0
155	130	0
154	129	0
153	128	0
152	127	0
151	126	0
150	125	0
149	124	0
148	123	0
147	122	0
146	121	0
145	120	0
144	119	0
143	118	0
142	117	0
141	116	0
140	115	0
139	114	0
138	113	0
137	112	0
136	111	0
135	110	0
134	109	0
133	108	0
132	107	0
131	106	0
130	105	0
129	104	0
128	103	0
127	102	0
126	101	0
125	100	0
124	99	0
123	98	0
122	97	0
121	96	0
120	95	0
119	95	0
118	95	0
117	95	0
116	95	0
115	95	0
114	95	0
113	95	0
112	95	0
111	95	0
110	95	0
109	95	0
108	95	0
107	95	0
106	95	0
105	95	0
104	95	0
103	95	0
102	95	0
101	95	0
100	95	0
99	95	0
98	95	0
97	95	0
96	96	0
95	97	0
94	98	0
93	99	0
92	100	0
91	101	0
90	102	0
89	103	0
88	104	0
87	105	0
86	106	0
85	107	0
84	108	0
83	109	0
82	110	0
81	111	0
80	112	0
79	111	0
78	110	0
77	109	0
76	108	0
75	107	0
74	106	0
73	105	0
72	104	0
71	103	0
70	102	0
69	101	0
68	100	0
67	99	0
66	98	0
65	97	0
64	96	0
63	95	0
62	94	0
61	93	0
60	92	0
59	91	0
58	90	0
57	89	0
56	88	0
55	87	0
54	86	0
53	85	0
52	84	0
51	83	0
50	82	0
49	81	0
48	80	0
47	79	0
46	78	0
45	77	0
45	76	0
45	75	0
45	74	0
45	73	0
45	72	0
45	71	0
45	70	0
45	69	0
45	68	0
45	67	0
45	66	0
45	65	0
45	64	0
45	63	0
45	62	0
45	61	0
45	60	0
45	59	0
45	58	0
45	57	0
45	56	0
45	55	0
45	54	0
45	53	0
45	52	0
46	51	0
47	50	0
48	49	0
49	48	0
50	47	0
51	46	0
52	45	0
53	44	0
54	43	0
55	42	0
56	41	0
57	40	0
58	39	0
59	38	0
60	37	0
61	36	0
62	35	0
63	34	0
64	33	0
65	32	0
66	31	0
67	30	0
68	29	0
69	28	0
70	27	0
71	26	0
72	25	0
73	24	0
74	23	0
75	22	0
76	21	0
77	20	0
78	19	0
79	18	0
80	17	0
81	16	0
82	16	0
83	16	0
84	16	0
85	16	0
86	16	0
87	16	0
88	16	0
89	16	0
90	16	0
91	16	0
92	16	0
93	16	0
94	16	0
95	16	0
96	16	0
97	16	0
98	16	0
99	16	0
100	16	0
101	16	0
102	16	0
103	16	0
104	16	0
105	16	0
106	16	0
107	16	0
108	16	0
109	16	0
110	16	0
111	16	0
112	16	0
113	16	0
114	16	0
115	16	0
116	16	0
117	16	0
118	16	0
119	16	0
120	16	0
121	16	0
122	16	0
123	16	0
124	16	0
125	16	0
126	16	0
127	15	0
128	14	0
129	13	0
130	12	0
131	11	0
200	200	0
200	199	0
200	198	0
200	197	0
200	196	0
200	195	0
200	194	0
199	193	0
198	192	0
198	191	0
198	190	0
198	189	0
198	188	0
198	187	0
198	186	0
198	185	0
197	184	0
197	183	0
197	182	0
197	181	0
197	180	0
197	179	0
197	178	0
197	177	0
197	176	0
197	175	0
197	174	0
197	173	0
197	172	0
196	171	0
195	170	0
194	169	0
193	168	0
192	167	0
191	166	0
190	165	0
189	164	0
188	163	0
187	162	0
186	161	0
185	160	0
184	159	0
183	158	0
182	157	0
181	156	0
180	155	0
179	154	0
178	153	0
177	152	0
176	151	0
175	150	0
174	149	0
173	148	0
172	147	0
171	146	0
170	145	0
169	144	0
168	143	0
167	142	0
166	141	0
165	140	0
164	139	0
163	138	0
162	137	0
161	136	0
160	135	0
159	134	0
158	133	0
157	132	0
156	131	0
155	130	0
154	129	0
153	128	0
152	127	0
151	126	0
150	125	0
149	124	0
148	123	0
147	122	0
146	121	0
145	120	0
144	119	0
143	118	0
142	117	0
141	116	0
140	115	0
139	114	0
138	113	0
137	112	0
136	111	0
135	110	0
134	109	0
133	108	0
132	107	0
131	106	0
130	105	0
129	104	0
128	103	0
127	102	0
126	101	0
125	100	0
124	99	0
123	98	0
122	97	0
121	96	0
120	95	0
119	95	0
118	95	0
117	95	0
116	95	0
115	95	0
114	95	0
113	95	0
112	95	0
111	95	0
110	95	0
109	95	0
108	95	0
107	95	0
106	95	0
105	95	0
104	95	0
103	95	0
102	95	0
101	95	0
100	95	0
99	95	0
98	95	0
97	95	0
96	96	0
95	97	0
94	98	0
93	99	0
92	100	0
91	101	0
90	102	0
89	103	0
88	104	0
87	105	0
86	106	0
85	107	0
84	108	0
83	109	0
82	110	0
81	111	0
80	112	0
79	111	0
78	110	0
77	109	0
76	108	0
75	107	0
74	106	0
73	105	0
72	104	0
71	103	0
70	102	0
69	101	0
68	100	0
67	99	0
66	98	0
65	97	0
64	96	0
63	95	0
62	94	0
61	93	0
60	92	0
59	91	0
58	90	0
57	89	0
56	88	0
55	87	0
54	86	0
53	85	0
52	84	0
51	83	0
50	82	0
49	81	0
48	80	0
47	79	0
46	78	0
45	77	0
45	76	0
45	75	0
45	74	0
45	73	0
45	72	0
45	71	0
45	70	0
45	69	0
45	68	0
45	67	0
45	66	0
45	65	0
45	64	0
45	63	0
45	62	0
45	61	0
45	60	0
45	59	0
45	58	0
45	57	0
45	56	0
45	55	0
45	54	0
45	53	0
45	52	0
46	51	0
47	50	0
48	49	0
49	48	0
50	47	0
51	46	0
52	45	0
53	44	0
54	43	0
55	42	0
56	41	0
57	40	0
58	39	0
59	38	0
60	37	0
61	36	0
62	35	0
63	34	0
64	33	0
65	32	0
66	31	0
67	30	0
68	29	0
69	28	0
70	27	0
71	26	0
72	25	0
73	24	0
74	23	0
75	22	0
76	21	0
77	20	0
78	19	0
79	18	0
80	17	0
81	16	0
82	16	0
83	16	0
84	16	0
85	16	0
86	16	0
87	16	0
88	16	0
89	16	0
90	16	0
91	16	0
92	16	0
93	16	0
94	16	0
95	16	0
96	16	0
97	16	0
98	16	0
99	16	0
100	16	0
101	16	0
102	16	0
103	16	0
104	16	0
105	16	0
106	16	0
107	16	0
108	16	0
109	16	0
110	16	0
111	16	0
112	16	0
113	16	0
114	16	0
115	16	0
116	16	0
117	16	0
118	16	0
119	16	0
120	16	0
121	16	0
122	16	0
123	16	0
124	16	0
125	16	0
126	16	0
127	16	0
128	16	0
129	16	0
130	16	0
131	16	0
132	16	0
133	16	0
134	16	0
135	16	0
136	16	0
137	16	0
138	16	0
139	16	0
140	16	0
141	16	0
142	16	0
143	16	0
144	16	0
145	16	0
146	16	0
147	16	0
148	16	0
149	16	0
150	16	0
151	16	0
152	16	0
153	16	0
154	16	0
155	16	0
156	16	0
157	16	0
158	16	0
159	16	0
160	16	0
161	16	0
162	16	0
163	16	0
164	16	0
165	16	0
166	16	0
167	16	0
168	16	0
169	16	0
170	16	0
171	16	0
172	16	0
173	16	0
174	16	0
175	16	0
176	16	0
177	16	0
178	16	0
179	16	0
180	16	0
181	16	0
182	16	0
183	16	0
184	16	0
185	15	0
186	14	0
187	13	0
188	12	0
189	11	0
190	10	0
200	200	0
200	199	0
200	198	0
200	197	0
200	196	0
200	195	0
200	194	0
199	193	0
198	192	0
198	191	0
198	190	0
198	189	0
198	188	0
198	187	0
198	186	0
198	185	0
197	184	0
197	183	0
197	182	0
197	181	0
197	180	0
197	179	0
197	178	0
197	177	0
197	176	0
197	175	0
197	174	0
197	173	0
197	172	0
196	171	0
195	170	0
194	169	0
193	168	0
192	167	0
191	166	0
190	165	0
189	164	0
188	163	0
187	162	0
186	161	0
185	160	0
184	159	0
183	158	0
182	157	0
181	156	0
180	155	0
179	154	0
178	153	0
177	152	0
176	151	0
175	150	0
174	149	0
173	148	0
172	147	0
171	146	0
170	145	0
169	144	0
168	143	0
167	142	0
166	141	0
165	140	0
164	139	0
163	138	0
162	137	0
161	136	0
160	135	0
159	134	0
158	133	0
157	132	0
156	131	0
155	130	0
154	129	0
153	128	0
152	127	0
151	126	0
150	125	0
149	124	0
148	123	0
147	122	0
146	121	0
145	120	0
144	119	0
143	118	0
142	117	0
141	116	0
140	115	0
139	114	0
138	113	0
137	112	0
136	111	0
135	110	0
134	109	0
133	108	0
132	107	0
131	106	0
130	105	0
129	104	0
128	103	0
127	102	0
126	101	0
125	100	0
124	99	0
123	98	0
122	97	0
121	96	0
120	95	0
119	95	0
118	95	0
117	95	0
116	95	0
115	95	0
114	95	0
113	95	0
112	95	0
111	95	0
110	95	0
109	95	0
108	95	0
107	95	0
106	95	0
105	95	0
104	95	0
103	95	0
102	95	0
101	95	0
100	95	0
99	95	0
98	95	0
97	95	0
96	96	0
95	97	0
94	98	0
93	99	0
92	100	0
91	101	0
90	102	0
89	103	0
88	104	0
87	105	0
86	106	0
85	107	0
84	108	0
83	109	0
82	110	0
81	111	0
80	112	0
79	111	0
78	110	0
77	109	0
76	108	0
75	107	0
74	106	0
73	105	0
72	104	0
71	103	0
70	102	0
69	101	0
68	100	0
67	99	0
66	98	0
65	97	0
64	96	0
63	95	0
62	94	0
61	93	0
60	92	0
59	91	0
58	90	0
57	89	0
56	88	0
55	87	0
54	86	0
53	85	0
52	84	0
51	83	0
50	82	0
49	81	0
48	80	0
47	79	0
46	78	0
45	77	0
45	76	0
45	75	0
45	74	0
45	73	0
45	72	0
45	71	0
45	70	0
45	69	0
45	68	0
45	67	0
45	66	0
45	65	0
45	64	0
45	63	0
45	62	0
45	61	0
45	60	0
45	59	0
45	58	0
45	57	0
45	56	0
45	55	0
45	54	0
45	53	0
45	52	0
45	51	0
45	50	0
45	49	0
45	48	0
45	47	0
45	46	0
45	45	0
45	44	0
45	43	0
45	42	0
45	41	0
45	40	0
45	39	0
45	38	0
45	37	0
45	36	0
45	35	0
45	34	0
45	33	0
45	32	0
45	31	0
45	30	0
45	29	0
45	28	0
45	27	0
45	26	0
45	25	0
45	24	0
45	23	0
45	22	0
45	21	0
45	20	0
45	19	0
45	18	0
45	17	0
45	16	0
45	15	0
45	14	0
45	13	0
45	12	0
45	11	0
44	10	0
43	10	0
42	10	0
41	10	0
40	10	0
39	10	0
38	10	0
37	10	0
36	10	0
35	10	0
34	10	0
33	10	0
32	10	0
31	10	0
30	10	0
29	10	0
28	10	0
27	10	0
26	10	0
25	10	0
24	10	0
23	10	0
22	11	0
22	12	0
22	13	0
22	14	0
22	15	0
22	16	0
22	17	0
22	18	0
22	19	0
22	20	0
22	21	0
22	22	0
22	23	0
22	24	0
22	25	0
22	26	0
22	27	0
22	28	0
22	29	0
22	30	0
22	31	0
22	32	0
22	33	0
22	34	0
22	35	0
22	36	0
22	37	0
22	38	0
22	39	0
22	40	0
22	41	0
22	42	0
22	43	0
22	44	0
22	45	0
22	46	0
22	47	0
22	48	0
22	49	0
22	50	0
22	51	0
22	52	0
22	53	0
22	54	0
22	55	0
22	56	0
22	57	0
22	58	0
22	59	0
22	60	0
22	61	0
22	62	0
22	63	0
22	64	0
22	65	0
22	66	0
22	67	0
22	68	0
22	69	0
22	70	0
22	71	0
22	72	0
22	73	0
22	74	0
22	75	0
22	76	0
22	77	0
22	78	0
22	79	0
22	80	0
22	81	0
22	82	0
22	83	0
22	84	0
22	85	0
22	86	0
22	87	0
22	88	0
22	89	0
22	90	0
22	91	0
22	92	0
22	93	0
22	94	0
22	95	0
22	96	0
22	97	0
22	98	0
22	99	0
22	100	0
22	101	0
22	102	0
22	103	0
22	104	0
22	105	0
22	106	0
22	107	0
22	108	0
22	109	0
22	110	0
22	111	0
22	112	0
22	113	0
22	114	0
22	115	0
22	116	0
22	117	0
22	118	0
22	119	0
22	120	0
22	121	0
22	122	0
22	123	0
22	124	0
22	125	0
22	126	0
22	127	0
22	128	0
22	129	0
22	130	0
22	131	0
22	132	0
22	133	0
22	134	0
22	135	0
22	136	0
22	137	0
22	138	0
22	139	0
22	140	0
22	141	0
22	142	0
22	143	0
22	144	0
22	145	0
22	146	0
22	147	0
22	148	0
22	149	0
22	150	0
22	151	0
22	152	0
22	153	0
22	154	0
22	155	0
22	156	0
22	157	0
22	158	0
22	159	0
22	160	0
22	161	0
22	162	0
22	163	0
22	164	0
22	165	0
22	166	0
22	167	0
22	168	0
22	169	0
22	170	0
21	171	0
20	172	0
19	173	0
18	174	0
17	175	0
200	200	0
199	201	0
198	202	0
197	203	0
196	204	0
195	205	0
194	206	0
193	207	0
192	208	0
191	209	0
190	210	0
189	211	0
188	212	0
187	213	0
186	214	0
185	215	0
184	216	0
183	217	0
182	218	0
181	219	0
180	220	0
179	221	0
178	222	0
177	223	0
176	224	0
175	225	0
174	226	0
173	227	0
172	228	0
171	229	0
170	230	0
169	231	0
168	232	0
167	233	0
166	234	0
165	235	0
164	236	0
163	237	0
162	238	0
161	239	0
160	240	0
159	241	0
158	242	0
157	243	0
156	244	0
155	245	0
200	200	0
200	201	0
200	202	0
200	203	0
200	204	0
200	205	0
200	206	0
200	207	0
200	208	0
200	209	0
200	210	0
200	211	0
200	212	0
200	213	0
200	214	0
200	215	0
200	216	0
200	217	0
200	218	0
200	219	0
200	220	0
200	221	0
200	222	0
200	223	0
200	224	0
200	225	0
200	226	0
200	227	0
200	228	0
200	229	0
200	230	0
200	231	0
200	232	0
200	233	0
200	234	0
200	235	0
200	236	0
200	237	0
200	238	0
200	239	0
200	240	0
200	241	0
200	242	0
200	243	0
200	244	0
200	245	0
200	246	0
200	247	0
200	248	0
200	249	0
200	250	0
200	251	0
200	252	0
200	253	0
200	254	0
200	255	0
200	256	0
200	257	0
200	258	0
200	259	0
200	260	0
200	261	0
200	262	0
200	263	0
200	264	0
200	265	0
200	266	0
200	267	0
200	268	0
200	269	0
200	270	0
200	271	0
200	272	0
200	273	0
200	274	0
200	275	0
200	276	0
200	277	0
200	278	0
200	279	0
200	280	0
200	281	0
200	282	0
200	283	0
200	284	0
200	285	0
200	286	0
200	287	0
200	288	0
200	289	0
200	290	0
200	291	0
200	292	0
200	293	0
200	294	0
200	295	0
200	296	0
200	297	0
200	298	0
200	299	0
200	300	0
200	301	0
200	302	0
200	303	0
200	304	0
200	305	0
200	306	0
199	307	0
198	308	0
197	309	0
196	310	0
195	311	0
194	312	0
193	313	0
192	314	0
191	315	0
190	316	0
189	317	0
188	318	0
187	319	0
186	320	0
185	321	0
185	322	0
185	323	0
185	324	0
185	325	0
185	326	0
185	327	0
185	328	0
185	329	0
185	330	0
185	331	0
185	332	0
200	200	0
199	200	0
198	200	0
197	200	0
196	199	0
195	198	0
194	197	0
193	197	0
192	197	0
191	197	0
190	197	0
189	197	0
188	197	0
187	197	0
186	196	0
185	195	0
184	194	0
183	193	0
182	192	0
181	191	0
180	190	0
179	189	0
178	188	0
177	187	0
176	186	0
175	185	0
174	184	0
173	183	0
172	182	0
171	181	0
170	180	0
169	179	0
168	178	0
167	177	0
166	176	0
165	175	0
164	174	0
163	173	0
162	172	0
161	171	0
160	170	0
159	169	0
200	200	0
200	199	0
200	198	0
200	197	0
200	196	0
200	195	0
200	194	0
199	193	0
198	192	0
198	191	0
198	190	0
198	189	0
198	188	0
198	187	0
198	186	0
198	185	0
197	184	0
197	183	0
197	182	0
197	181	0
197	180	0
197	179	0
197	178	0
197	177	0
197	176	0
197	175	0
197	174	0
197	173	0
197	172	0
196	171	0
195	170	0
194	169	0
193	168	0
192	167	0
191	166	0
190	165	0
189	164	0
188	163	0
187	162	0
186	161	0
185	160	0
184	159	0
183	158	0
182	157	0
181	156	0
180	155	0
179	154	0
178	153	0
177	152	0
176	151	0
175	150	0
174	149	0
173	148	0
172	147	0
171	146	0
170	145	0
169	144	0
168	143	0
167	142	0
166	141	0
200	200	0
199	199	0
198	198	0
197	197	0
196	196	0
195	195	0
194	194	0
193	193	0
193	192	0
193	191	0
193	190	0
193	189	0
193	188	0
193	187	0
193	186	0
193	185	0
193	184	0
193	183	0
193	182	0
193	181	0
193	180	0
193	179	0
193	178	0
193	177	0
193	176	0
193	175	0
193	174	0
193	173	0
193	172	0
192	171	0
191	170	0
190	169	0
189	168	0
188	167	0
187	166	0
186	165	0
185	164	0
184	163	0
183	162	0
182	161	0
181	160	0
180	159	0
179	158	0
178	157	0
177	156	0
176	155	0
175	154	0
174	153	0
173	152	0
172	151	0
171	150	0
171	149	0
171	148	0
170	147	0
169	146	0
168	145	0
167	144	0
166	143	0
165	142	0
164	141	0
163	140	0
162	139	0
161	138	0
160	137	0
159	136	0
158	135	0
157	134	0
156	133	0
155	132	0
155	131	0
155	130	0
154	129	0
153	128	0
152	127	0
151	126	0
150	125	0
149	124	0
148	123	0
147	122	0
146	121	0
145	120	0
144	119	0
143	118	0
142	117	0
141	116	0
140	115	0
139	114	0
138	113	0
137	112	0
136	111	0
135	110	0
134	109	0
133	108	0
132	107	0
131	106	0
130	105	0
129	104	0
128	103	0
127	102	0
126	101	0
125	100	0
124	99	0
123	98	0
122	97	0
121	96	0
120	95	0
119	96	0
118	97	0
117	98	0
116	99	0
115	100	0
114	101	0
113	102	0
112	102	0
111	102	0
110	103	0
200	200	0
199	200	0
198	200	0
197	200	0
196	200	0
195	200	0
194	200	0
193	200	0
192	200	0
191	200	0
190	200	0
189	200	0
188	200	0
187	200	0
186	200	0
185	200	0
184	200	0
183	200	0
182	200	0
181	200	0
180	200	0
179	200	0
178	200	0
177	200	0
176	200	0
175	200	0
174	200	0
173	200	0
172	200	0
171	200	0
170	200	0
169	200	0
168	200	0
167	200	0
166	200	0
165	200	0
164	200	0
163	200	0
162	200	0
161	200	0
160	200	0
159	200	0
158	200	0
157	200	0
156	200	0
155	200	0
154	200	0
153	200	0
152	200	0
151	200	0
150	200	0
149	200	0
148	200	0
147	200	0
146	200	0
145	200	0
144	200	0
143	200	0
142	200	0
141	200	0
140	200	0
139	200	0
138	200	0
137	200	0
136	200	0
135	200	0
134	200	0
133	200	0
132	200	0
131	200	0
130	200	0
129	200	0
128	200	0
127	200	0
126	200	0
125	200	0
124	200	0
123	200	0
122	200	0
121	200	0
120	200	0
119	200	0
118	200	0
117	200	0
116	200	0
115	200	0
114	200	0
113	200	0
112	200	0
111	200	0
110	200	0
109	200	0
108	200	0
107	200	0
106	200	0
105	200	0
104	200	0
103	200	0
102	200	0
101	200	0
100	200	0
99	200	0
98	200	0
97	200	0
96	200	0
95	200	0
94	200	0
93	200	0
92	200	0
91	200	0
90	200	0
89	200	0
88	201	0
87	201	0
86	202	0
85	202	0
84	203	0
83	203	0
82	204	0
81	204	0
80	204	0
79	205	0
200	200	0
200	199	0
200	198	0
200	197	0
200	196	0
200	195	0
200	194	0
199	193	0
198	192	0
198	191	0
198	190	0
198	189	0
198	188	0
198	187	0
198	186	0
198	185	0
197	184	0
197	183	0
197	182	0
197	181	0
197	180	0
197	179	0
197	178	0
197	177	0
197	176	0
197	175	0
197	174	0
197	173	0
197	172	0
196	171	0
195	170	0
194	169	0
193	168	0
192	167	0
191	166	0
190	165	0
189	164	0
188	163	0
187	162	0
186	161	0
185	160	0
184	159	0
183	158	0
182	157	0
181	156	0
180	155	0
179	154	0
178	153	0
177	152	0
176	151	0
175	150	0
174	149	0
173	148	0
172	147	0
171	146	0
170	145	0
169	144	0
168	143	0
167	142	0
166	141	0
165	140	0
164	139	0
163	138	0
162	137	0
161	136	0
160	135	0
159	134	0
158	133	0
157	132	0
156	131	0
155	130	0
154	129	0
153	128	0
152	127	0
151	126	0
150	125	0
149	124	0
148	123	0
147	122	0
146	121	0
145	120	0
144	119	0
143	118	0
142	117	0
141	116	0
140	115	0
139	114	0
138	113	0
137	112	0
136	111	0
135	110	0
134	109	0
133	108	0
132	107	0
131	106	0
130	105	0
129	104	0
128	103	0
127	102	0
126	101	0
125	100	0
124	99	0
123	98	0
122	97	0
121	96	0
120	95	0
119	95	0
118	95	0
117	95	0
116	95	0
115	95	0
114	95	0
113	95	0
112	95	0
111	95	0
110	95	0
109	95	0
108	95	0
107	95	0
106	95	0
105	95	0
104	95	0
103	95	0
102	95	0
101	95	0
100	95	0
99	95	0
98	95	0
97	95	0
96	96	0
95	97	0
94	98	0
93	99	0
92	100	0
91	101	0
90	102	0
89	103	0
88	104	0
87	105	0
86	106	0
85	107	0
84	108	0
83	109	0
82	110	0
81	111	0
80	112	0
79	111	0
78	110	0
77	109	0
76	108	0
75	107	0
74	106	0
73	105	0
72	104	0
71	103	0
70	102	0
69	101	0
68	100	0
67	99	0
66	98	0
65	97	0
64	96	0
63	95	0
62	94	0
61	93	0
60	92	0
59	91	0
58	90	0
57	89	0
56	88	0
55	87	0
54	86	0
53	85	0
52	84	0
51	83	0
50	82	0
49	81	0
48	80	0
47	79	0
46	78	0
45	77	0
45	76	0
45	75	0
45	74	0
45	73	0
45	72	0
45	71	0
45	70	0
45	69	0
45	68	0
45	67	0
45	66	0
45	65	0
45	64	0
45	63	0
45	62	0
45	61	0
45	60	0
45	59	0
45	58	0
45	57	0
45	56	0
45	55	0
45	54	0
45	53	0
45	52	0
46	51	0
47	50	0
48	49	0
49	48	0
50	47	0
51	46	0
52	45	0
53	44	0
54	43	0
55	42	0
56	41	0
57	40	0
58	39	0
59	38	0
60	37	0
61	36	0
62	35	0
63	34	0
64	33	0
65	32	0
66	31	0
67	30	0
68	29	0
69	28	0
70	27	0
71	26	0
72	25	0
73	24	0
74	23	0
75	22	0
76	21	0
77	20	0
78	19	0
79	18	0
80	17	0
81	16	0
82	16	0
83	16	0
84	16	0
85	16	0
86	16	0
87	16	0
88	16	0
89	16	0
90	16	0
91	16	0
92	16	0
93	16	0
94	16	0
95	16	0
96	16	0
97	16	0
98	16	0
99	16	0
100	16	0
101	16	0
102	16	0
103	16	0
104	16	0
105	16	0
106	16	0
107	16	0
108	16	0
109	16	0
110	16	0
111	16	0
112	16	0
113	16	0
114	16	0
115	16	0
116	16	0
117	16	0
118	16	0
119	16	0
120	16	0
121	16	0
122	16	0
123	16	0
124	16	0
125	16	0
126	16	0
127	16	0
128	16	0
129	16	0
130	16	0
131	16	0
132	16	0
133	16	0
134	16	0
135	16	0
136	16	0
137	16	0
138	16	0
139	16	0
140	16	0
141	16	0
142	16	0
143	16	0
144	16	0
145	16	0
146	16	0
147	16	0
148	16	0
149	16	0
150	16	0
151	16	0
152	16	0
153	16	0
154	16	0
155	16	0
156	16	0
157	16	0
158	16	0
159	16	0
160	16	0
161	16	0
162	16	0
163	16	0
164	16	0
165	16	0
166	16	0
167	16	0
168	16	0
169	16	0
170	16	0
171	16	0
172	16	0
173	16	0
174	16	0
175	16	0
176	16	0
177	16	0
178	16	0
179	16	0
180	16	0
181	16	0
182	16	0
183	16	0
184	16	0
185	16	0
186	16	0
187	16	0
188	17	0
189	18	0
190	19	0
191	20	0
192	21	0
193	22	0
194	23	0
195	24	0
196	25	0
197	26	0
198	27	0
199	28	0
200	29	0
201	30	0
202	31	0
203	32	0
204	33	0
200	200	0
199	199	0
198	198	0
197	197	0
196	196	0
195	195	0
194	194	0
193	193	0
193	192	0
193	191	0
193	190	0
193	189	0
193	188	0
193	187	0
193	186	0
193	185	0
193	184	0
193	183	0
193	182	0
193	181	0
193	180	0
193	179	0
193	178	0
193	177	0
193	176	0
193	175	0
193	174	0
193	173	0
193	172	0
192	171	0
191	170	0
190	169	0
189	168	0
188	167	0
187	166	0
186	165	0
185	164	0
184	163	0
183	162	0
182	161	0
181	160	0
180	159	0
179	158	0
178	157	0
177	156	0
176	155	0
175	154	0
174	153	0
173	152	0
172	151	0
171	150	0
171	149	0
171	148	0
170	147	0
169	146	0
168	145	0
167	144	0
166	143	0
165	142	0
164	141	0
163	140	0
162	139	0
161	138	0
160	137	0
159	136	0
158	135	0
157	134	0
156	133	0
155	132	0
155	131	0
155	130	0
154	129	0
153	128	0
152	127	0
151	126	0
150	125	0
149	124	0
148	123	0
147	122	0
146	121	0
145	120	0
144	119	0
143	118	0
142	117	0
141	116	0
140	115	0
139	114	0
138	113	0
137	112	0
136	111	0
135	110	0
134	109	0
133	108	0
132	107	0
131	106	0
130	105	0
129	104	0
128	103	0
127	102	0
126	101	0
125	100	0
124	99	0
123	98	0
122	97	0
121	96	0
120	95	0
119	95	0
118	95	0
117	95	0
116	95	0
115	95	0
114	95	0
113	95	0
112	95	0
111	95	0
110	95	0
109	95	0
108	95	0
107	96	0
106	96	0
105	96	0
104	97	0
103	97	0
102	98	0
101	98	0
100	99	0
99	99	0
98	100	0
97	100	0
96	101	0
95	101	0
94	101	0
93	102	0
92	102	0
91	103	0
90	103	0
89	104	0
88	104	0
87	105	0
86	106	0
85	107	0
84	108	0
83	109	0
82	110	0
81	111	0
80	112	0
79	112	0
78	112	0
77	112	0
76	112	0
75	112	0
74	111	0
73	111	0
200	200	0
199	201	0
199	202	0
198	203	0
197	204	0
197	205	0
196	206	0
196	207	0
195	208	0
195	209	0
194	210	0
194	211	0
193	212	0
193	213	0
192	214	0
192	215	0
192	216	0
191	217	0
191	218	0
190	219	0
190	220	0
189	221	0
189	222	0
188	223	0
188	224	0
187	225	0
187	226	0
200	200	0
200	201	0
200	202	0
200	203	0
200	204	0
200	205	0
200	206	0
200	207	0
200	208	0
200	209	0
200	210	0
200	211	0
200	212	0
200	213	0
200	214	0
200	215	0
200	216	0
200	217	0
200	218	0
200	219	0
200	220	0
200	221	0
200	222	0
200	223	0
200	224	0
200	225	0
200	226	0
200	227	0
200	228	0
200	229	0
200	230	0
200	231	0
200	232	0
200	233	0
200	234	0
200	235	0
200	236	0
200	237	0
200	238	0
200	239	0
200	240	0
200	241	0
200	242	0
200	243	0
200	244	0
200	245	0
200	246	0
200	247	0
200	248	0
200	249	0
200	250	0
200	251	0
200	252	0
200	253	0
200	254	0
200	255	0
200	256	0
200	257	0
200	258	0
200	259	0
200	260	0
200	261	0
200	262	0
200	263	0
200	264	0
200	265	0
200	266	0
200	267	0
200	268	0
200	269	0
200	270	0
200	271	0
200	272	0
200	273	0
200	274	0
200	275	0
200	276	0
200	200	0
200	201	0
200	202	0
200	203	0
200	204	0
200	205	0
200	206	0
200	207	0
200	208	0
200	209	0
200	210	0
200	211	0
200	212	0
200	213	0
200	214	0
200	215	0
200	216	0
200	217	0
200	218	0
200	219	0
200	220	0
200	221	0
200	222	0
200	223	0
200	224	0
200	225	0
200	226	0
200	227	0
200	228	0
200	229	0
200	230	0
200	231	0
200	232	0
200	233	0
200	234	0
200	235	0
200	236	0
200	237	0
200	238	0
200	239	0
200	240	0
200	241	0
200	242	0
200	243	0
200	244	0
200	245	0
200	246	0
200	247	0
200	248	0
200	249	0
200	250	0
200	251	0
200	252	0
200	253	0
200	254	0
200	255	0
200	256	0
200	257	0
200	258	0
200	259	0
200	260	0
200	261	0
200	262	0
200	263	0
200	264	0
200	265	0
200	266	0
200	267	0
200	268	0
200	269	0
200	270	0
200	271	0
200	272	0
200	273	0
200	274	0
200	275	0
200	276	0
200	277	0
200	278	0
200	279	0
200	280	0
200	281	0
200	282	0
200	283	0
200	284	0
200	285	0
200	286	0
200	287	0
200	288	0
200	289	0
200	290	0
200	291	0
200	292	0
200	293	0
200	294	0
200	295	0
200	296	0
200	297	0
200	298	0
200	299	0
200	300	0
200	301	0
200	302	0
200	303	0
200	304	0
200	305	0
199	306	0
199	307	0
198	308	0
198	309	0
198	310	0
197	311	0
197	312	0
196	313	0
196	314	0
195	315	0
195	316	0
194	317	0
194	318	0
193	319	0
192	320	0
191	321	0
190	322	0
189	323	0
189	324	0
189	325	0
189	326	0
189	327	0
189	328	0
189	329	0
188	330	0
188	331	0
200	200	0
200	201	0
200	202	0
200	203	0
200	204	0
200	205	0
200	206	0
200	207	0
200	208	0
200	209	0
200	210	0
200	211	0
200	212	0
200	213	0
200	214	0
200	215	0
200	216	0
200	217	0
200	218	0
200	219	0
200	220	0
200	221	0
200	222	0
200	223	0
200	224	0
200	225	0
200	226	0
200	227	0
200	228	0
200	229	0
200	230	0
200	231	0
200	232	0
200	233	0
200	234	0
200	235	0
200	236	0
200	237	0
200	238	0
200	239	0
200	240	0
200	241	0
200	242	0
200	243	0
200	244	0
200	245	0
200	246	0
200	247	0
200	248	0
200	249	0
200	250	0
200	251	0
200	252	0
200	253	0
200	254	0
200	255	0
200	256	0
200	257	0
200	258	0
200	259	0
200	260	0
200	261	0
200	262	0
199	263	0
199	264	0
198	265	0
198	266	0
197	267	0
197	268	0
197	269	0
196	270	0
196	271	0
195	272	0
195	273	0
194	274	0
194	275	0
193	276	0
193	277	0
192	278	0
192	279	0
192	280	0
191	281	0
191	282	0
190	283	0
190	284	0
189	285	0
189	286	0
188	287	0
188	288	0
187	289	0
187	290	0
187	291	0
186	292	0
186	293	0
185	294	0
185	295	0
184	296	0
184	297	0
183	298	0
183	299	0
182	300	0
182	301	0
182	302	0
181	303	0
181	304	0
180	305	0
180	306	0
179	307	0
179	308	0
178	309	0
178	310	0
177	311	0
177	312	0
176	313	0
175	314	0
174	315	0
173	316	0
173	317	0
173	318	0
173	319	0
173	320	0
173	321	0
172	322	0
172	323	0
200	200	0
199	199	0
198	198	0
197	197	0
196	196	0
195	195	0
194	194	0
193	193	0
193	192	0
193	191	0
193	190	0
193	189	0
193	188	0
193	187	0
193	186	0
193	185	0
193	184	0
193	183	0
193	182	0
193	181	0
193	180	0
193	179	0
193	178	0
193	177	0
193	176	0
193	175	0
193	174	0
193	173	0
193	172	0
192	171	0
191	170	0
190	169	0
189	168	0
188	167	0
187	166	0
186	165	0
185	164	0
184	163	0
183	162	0
182	161	0
181	160	0
180	159	0
179	158	0
178	157	0
177	156	0
176	155	0
175	154	0
174	153	0
173	152	0
172	151	0
171	150	0
171	149	0
171	148	0
170	147	0
169	146	0
168	145	0
167	144	0
166	143	0
165	142	0
164	141	0
163	140	0
162	139	0
161	138	0
160	137	0
159	136	0
158	135	0
157	134	0
156	133	0
155	132	0
155	131	0
155	130	0
154	129	0
153	128	0
152	127	0
151	126	0
150	125	0
149	124	0
148	123	0
147	122	0
146	121	0
145	120	0
144	119	0
143	118	0
142	117	0
141	116	0
140	115	0
139	114	0
138	113	0
137	112	0
136	111	0
135	110	0
134	109	0
133	108	0
132	107	0
131	106	0
130	105	0
129	104	0
128	103	0
127	102	0
126	101	0
125	100	0
124	99	0
123	98	0
122	97	0
121	96	0
120	95	0
119	95	0
118	95	0
117	95	0
116	95	0
115	95	0
114	95	0
113	95	0
112	95	0
111	95	0
110	96	0
109	96	0
108	97	0
107	97	0
106	98	0
105	98	0
104	98	0
103	99	0
102	99	0
101	100	0
100	100	0
99	101	0
98	101	0
97	102	0
96	102	0
95	103	0
94	103	0
93	103	0
92	104	0
91	104	0
90	105	0
89	105	0
88	106	0
87	106	0
86	107	0
85	107	0
84	108	0
83	109	0
82	110	0
81	111	0
80	112	0
79	112	0
78	112	0
77	112	0
76	112	0
75	112	0
74	112	0
73	113	0
72	113	0
71	113	0
70	114	0
69	114	0
68	115	0
67	115	0
66	116	0
65	116	0
64	117	0
63	117	0
62	117	0
61	118	0
200	200	0
200	199	0
200	198	0
200	197	0
200	196	0
200	195	0
200	194	0
199	193	0
198	192	0
198	191	0
198	190	0
198	189	0
198	188	0
198	187	0
198	186	0
198	185	0
197	184	0
197	183	0
197	182	0
197	181	0
197	180	0
197	179	0
197	178	0
197	177	0
197	176	0
197	175	0
197	174	0
197	173	0
197	172	0
196	171	0
195	170	0
194	169	0
193	168	0
192	167	0
191	166	0
190	165	0
189	164	0
188	163	0
187	162	0
186	161	0
185	160	0
184	159	0
183	158	0
182	157	0
181	156	0
180	155	0
179	154	0
178	153	0
177	152	0
176	151	0
175	150	0
174	149	0
173	148	0
172	147	0
171	146	0
170	145	0
169	144	0
168	143	0
167	142	0
166	141	0
165	140	0
164	139	0
163	138	0
162	137	0
161	136	0
160	135	0
159	134	0
158	133	0
157	132	0
156	131	0
155	130	0
154	129	0
153	128	0
152	127	0
151	126	0
150	125	0
149	124	0
148	123	0
147	122	0
146	121	0
145	120	0
144	119	0
143	118	0
142	117	0
141	116	0
140	115	0
139	114	0
138	113	0
137	112	0
136	111	0
135	110	0
134	109	0
133	108	0
132	107	0
131	106	0
130	105	0
129	104	0
128	103	0
127	102	0
126	101	0
125	100	0
124	99	0
123	98	0
122	97	0
121	96	0
120	95	0
119	95	0
118	95	0
117	95	0
116	95	0
115	95	0
114	95	0
113	95	0
112	95	0
111	95	0
110	95	0
109	95	0
108	95	0
107	95	0
106	95	0
105	95	0
104	95	0
103	95	0
102	95	0
101	95	0
100	95	0
99	95	0
98	95	0
97	95	0
96	96	0
95	97	0
94	98	0
93	99	0
92	100	0
91	101	0
90	102	0
89	103	0
88	104	0
87	105	0
86	106	0
85	107	0
84	108	0
83	109	0
82	110	0
81	111	0
80	112	0
79	111	0
78	110	0
77	109	0
76	108	0
75	107	0
74	106	0
73	105	0
72	104	0
71	103	0
70	102	0
69	101	0
68	100	0
67	99	0
66	98	0
65	97	0
64	96	0
63	95	0
62	94	0
61	93	0
60	92	0
59	91	0
58	90	0
57	89	0
56	88	0
55	87	0
54	86	0
53	85	0
52	84	0
51	83	0
50	82	0
49	81	0
48	80	0
47	79	0
46	78	0
45	77	0
45	76	0
45	75	0
45	74	0
45	73	0
45	72	0
45	71	0
45	70	0
45	69	0
45	68	0
45	67	0
45	66	0
45	65	0
45	64	0
45	63	0
45	62	0
45	61	0
45	60	0
45	59	0
45	58	0
45	57	0
45	56	0
45	55	0
45	54	0
45	53	0
45	52	0
46	51	0
47	50	0
48	49	0
49	48	0
50	47	0
51	46	0
52	45	0
53	44	0
54	43	0
55	42	0
56	41	0
57	40	0
58	39	0
59	38	0
60	37	0
61	36	0
62	35	0
63	34	0
64	33	0
65	32	0
66	31	0
67	30	0
68	29	0
69	28	0
70	27	0
71	26	0
72	25	0
73	24	0
74	23	0
75	22	0
76	21	0
77	20	0
78	19	0
79	18	0
80	17	0
81	16	0
82	16	0
83	16	0
84	16	0
85	16	0
86	16	0
87	16	0
88	16	0
89	16	0
90	16	0
91	16	0
92	16	0
93	16	0
94	16	0
95	16	0
96	16	0
97	16	0
98	16	0
99	16	0
100	16	0
101	16	0
102	16	0
103	16	0
104	16	0
105	16	0
106	16	0
107	16	0
108	16	0
109	16	0
110	16	0
111	16	0
112	16	0
113	16	0
114	16	0
115	16	0
116	16	0
117	16	0
118	16	0
119	16	0
120	16	0
121	16	0
122	16	0
123	16	0
124	16	0
125	16	0
126	16	0
127	16	0
128	16	0
129	16	0
130	16	0
131	16	0
132	16	0
133	16	0
134	16	0
135	16	0
136	16	0
137	16	0
138	16	0
139	16	0
140	16	0
141	16	0
142	16	0
143	16	0
144	16	0
145	16	0
146	16	0
147	16	0
148	16	0
149	16	0
150	16	0
151	15	0
152	15	0
153	15	0
154	14	0
155	14	0
156	13	0
157	13	0
158	12	0
159	12	0
160	11	0
161	11	0
162	10	0
163	10	0
200	200	0
199	199	0
198	198	0
197	197	0
196	196	0
195	195	0
194	194	0
193	193	0
192	192	0
191	191	0
190	190	0
189	189	0
188	188	0
187	187	0
186	186	0
185	185	0
185	184	0
184	183	0
184	182	0
184	181	0
184	180	0
184	179	0
184	178	0
184	177	0
184	176	0
184	175	0
184	174	0
184	173	0
184	172	0
184	171	0
184	170	0
184	169	0
184	168	0
184	167	0
184	166	0
184	165	0
184	164	0
184	163	0
184	162	0
184	161	0
184	160	0
183	159	0
183	158	0
183	157	0
183	156	0
183	155	0
183	154	0
183	153	0
183	152	0
183	151	0
183	150	0
183	149	0
183	148	0
183	147	0
183	146	0
183	145	0
183	144	0
183	143	0
183	142	0
183	141	0
183	140	0
183	139	0
183	138	0
183	137	0
183	136	0
182	135	0
182	134	0
182	133	0
182	132	0
182	131	0
182	130	0
182	129	0
181	128	0
180	127	0
179	126	0
178	125	0
177	124	0
176	123	0
175	122	0
174	121	0
173	120	0
172	119	0
171	118	0
170	117	0
169	116	0
168	115	0
167	114	0
166	113	0
165	112	0
164	111	0
163	110	0
162	109	0
161	108	0
160	107	0
159	106	0
158	105	0
157	104	0
156	103	0
155	102	0
154	101	0
153	100	0
152	99	0
151	98	0
150	97	0
149	96	0
148	95	0
147	95	0
146	95	0
145	95	0
144	95	0
143	95	0
142	95	0
141	95	0
140	95	0
139	95	0
138	95	0
137	95	0
136	95	0
135	95	0
134	95	0
133	95	0
132	95	0
131	95	0
130	95	0
129	95	0
128	95	0
127	95	0
126	95	0
125	95	0
124	95	0
123	95	0
122	95	0
121	95	0
120	95	0
119	95	0
118	95	0
117	95	0
116	95	0
115	95	0
114	95	0
113	95	0
112	95	0
111	95	0
110	95	0
109	95	0
108	95	0
107	95	0
106	95	0
105	95	0
104	95	0
103	95	0
102	95	0
101	95	0
100	95	0
99	95	0
98	95	0
97	95	0
96	96	0
95	97	0
94	98	0
93	99	0
92	100	0
91	101	0
90	102	0
89	103	0
88	104	0
87	105	0
86	106	0
85	107	0
84	108	0
83	109	0
82	110	0
81	111	0
80	112	0
79	111	0
78	110	0
77	109	0
76	108	0
75	107	0
74	106	0
73	105	0
72	104	0
71	103	0
70	102	0
69	101	0
68	100	0
67	99	0
66	98	0
65	97	0
64	96	0
63	95	0
62	94	0
61	93	0
60	92	0
59	91	0
58	90	0
57	89	0
56	88	0
55	87	0
54	86	0
53	85	0
52	84	0
51	83	0
50	82	0
49	81	0
48	80	0
47	79	0
46	78	0
45	77	0
45	76	0
45	75	0
45	74	0
45	73	0
45	72	0
45	71	0
45	70	0
45	69	0
45	68	0
45	67	0
45	66	0
45	65	0
45	64	0
45	63	0
45	62	0
45	61	0
45	60	0
45	59	0
45	58	0
45	57	0
45	56	0
45	55	0
45	54	0
45	53	0
45	52	0
46	51	0
47	50	0
48	49	0
49	48	0
50	47	0
51	46	0
52	45	0
53	44	0
54	43	0
55	42	0
56	41	0
57	40	0
58	39	0
59	38	0
60	37	0
61	36	0
62	35	0
63	34	0
64	33	0
65	32	0
66	31	0
67	30	0
68	29	0
69	28	0
70	27	0
71	26	0
72	25	0
73	24	0
74	23	0
75	22	0
76	21	0
77	20	0
78	19	0
79	18	0
80	17	0
81	16	0
82	16	0
83	16	0
84	16	0
85	16	0
86	16	0
87	16	0
88	16	0
89	16	0
90	16	0
91	16	0
92	16	0
93	16	0
94	16	0
95	16	0
96	16	0
97	16	0
98	16	0
99	16	0
100	16	0
101	16	0
102	16	0
103	16	0
104	16	0
105	16	0
106	16	0
107	16	0
108	16	0
109	16	0
110	16	0
111	16	0
112	16	0
113	16	0
114	16	0
115	16	0
116	16	0
117	16	0
118	16	0
119	16	0
120	16	0
121	16	0
122	16	0
123	16	0
124	16	0
125	16	0
126	16	0
127	16	0
128	16	0
129	16	0
130	16	0
131	16	0
132	16	0
133	16	0
134	16	0
135	16	0
136	16	0
137	16	0
138	16	0
139	16	0
140	16	0
141	16	0
142	16	0
143	16	0
144	16	0
145	16	0
146	16	0
147	16	0
148	16	0
149	16	0
150	16	0
151	16	0
152	16	0
153	16	0
154	16	0
155	16	0
156	16	0
157	16	0
158	16	0
159	16	0
160	16	0
161	16	0
162	16	0
163	16	0
164	16	0
165	16	0
166	16	0
167	16	0
168	17	0
169	18	0
170	19	0
171	20	0
172	21	0
173	22	0
174	23	0
175	24	0
176	25	0
177	26	0
178	27	0
200	200	0
199	199	0
198	199	0
197	199	0
196	199	0
195	199	0
194	199	0
193	199	0
192	199	0
191	199	0
190	199	0
189	199	0
188	198	0
187	198	0
186	198	0
185	198	0
184	198	0
183	198	0
182	198	0
181	198	0
180	198	0
179	198	0
178	198	0
177	198	0
176	198	0
175	198	0
174	198	0
173	198	0
172	198	0
171	198	0
170	198	0
169	198	0
168	198	0
167	198	0
166	198	0
165	198	0
164	197	0
163	197	0
162	197	0
161	197	0
160	197	0
159	197	0
158	197	0
157	197	0
156	197	0
155	197	0
154	197	0
153	197	0
152	197	0
151	197	0
150	197	0
149	197	0
148	197	0
147	197	0
146	197	0
145	197	0
144	197	0
143	197	0
142	197	0
141	197	0
140	196	0
139	196	0
138	196	0
137	196	0
136	196	0
135	196	0
134	196	0
133	196	0
132	196	0
131	196	0
130	196	0
129	196	0
128	196	0
127	196	0
126	196	0
125	196	0
124	196	0
123	196	0
122	196	0
121	196	0
120	196	0
119	196	0
118	196	0
117	196	0
116	195	0
115	195	0
114	195	0
113	195	0
112	195	0
111	195	0
110	195	0
109	195	0
108	195	0
107	195	0
106	195	0
105	195	0
104	195	0
103	195	0
102	195	0
101	195	0
100	195	0
99	195	0
98	195	0
97	195	0
96	195	0
95	195	0
94	195	0
93	195	0
92	194	0
91	194	0
90	194	0
89	194	0
88	194	0
87	194	0
86	194	0
85	194	0
84	194	0
83	194	0
82	194	0
81	194	0
80	194	0
200	200	0
199	201	0
198	202	0
197	203	0
196	204	0
195	205	0
194	206	0
193	207	0
192	208	0
191	209	0
190	210	0
189	211	0
188	212	0
187	213	0
186	214	0
185	215	0
184	216	0
183	217	0
182	218	0
181	219	0
180	220	0
179	221	0
178	222	0
177	223	0
176	224	0
175	225	0
174	226	0
173	227	0
172	228	0
171	229	0
170	230	0
169	231	0
168	232	0
167	233	0
166	234	0
165	235	0
164	236	0
163	237	0
162	238	0
161	239	0
160	240	0
159	241	0
158	242	0
157	243	0
156	244	0
155	245	0
154	246	0
153	247	0
152	248	0
151	249	0
150	250	0
149	251	0
148	252	0
147	253	0
146	254	0
145	255	0
144	256	0
143	257	0
142	258	0
141	259	0
140	260	0
139	261	0
138	262	0
137	263	0
136	264	0
135	265	0
134	266	0
133	267	0
132	268	0
131	269	0
131	270	0
131	271	0
131	272	0
131	273	0
131	274	0
130	275	0
129	276	0
128	277	0
127	278	0
126	279	0
125	280	0
124	281	0
200	200	0
201	201	0
202	202	0
203	203	0
204	204	0
205	205	0
206	206	0
207	207	0
208	208	0
209	209	0
210	210	0
211	211	0
212	212	0
213	213	0
214	214	0
215	215	0
216	216	0
217	217	0
218	218	0
219	219	0
219	220	0
219	221	0
219	222	0
219	223	0
219	224	0
219	225	0
219	226	0
219	227	0
219	228	0
219	229	0
219	230	0
220	231	0
220	232	0
220	233	0
220	234	0
220	235	0
220	236	0
220	237	0
220	238	0
220	239	0
220	240	0
220	241	0
220	242	0
220	243	0
220	244	0
220	245	0
220	246	0
220	247	0
220	248	0
220	249	0
220	250	0
220	251	0
220	252	0
220	253	0
220	254	0
221	255	0
221	256	0
221	257	0
221	258	0
221	259	0
221	260	0
221	261	0
221	262	0
221	263	0
221	264	0
221	265	0
221	266	0
221	267	0
221	268	0
221	269	0
221	270	0
221	271	0
221	272	0
221	273	0
221	274	0
221	275	0
221	276	0
221	277	0
221	278	0
222	279	0
222	280	0
222	281	0
222	282	0
222	283	0
222	284	0
222	285	0
222	286	0
222	287	0
222	288	0
222	289	0
222	290	0
222	291	0
222	292	0
222	293	0
222	294	0
222	295	0
222	296	0
222	297	0
222	298	0
222	299	0
222	300	0
222	301	0
222	302	0
223	303	0
223	304	0
223	305	0
223	306	0
223	307	0
223	308	0
223	309	0
223	310	0
223	311	0
223	312	0
223	313	0
223	314	0
223	315	0
223	316	0
223	317	0
223	318	0
223	319	0
223	320	0
223	321	0
223	322	0
223	323	0
223	324	0
223	325	0
223	326	0
224	327	0
224	328	0
224	329	0
224	330	0
224	331	0
224	332	0
224	333	0
224	334	0
224	335	0
224	336	0
224	337	0
224	338	0
224	339	0
224	340	0
224	341	0
224	342	0
224	343	0
224	344	0
224	345	0
224	346	0
224	347	0
224	348	0
224	349	0
224	350	0
225	351	0
225	352	0
225	353	0
225	354	0
225	355	0
225	356	0
225	357	0
225	358	0
225	359	0
225	360	0
225	361	0
225	362	0
225	363	0
200	200	0
199	199	0
198	198	0
197	197	0
196	196	0
195	195	0
194	194	0
193	193	0
192	192	0
191	191	0
190	190	0
189	189	0
188	188	0
187	187	0
186	186	0
185	185	0
184	184	0
183	183	0
182	182	0
181	181	0
180	180	0
179	179	0
178	178	0
177	177	0
176	176	0
175	175	0
174	174	0
173	173	0
172	172	0
171	171	0
170	170	0
169	169	0
168	168	0
167	167	0
166	166	0
165	165	0
164	164	0
163	163	0
162	162	0
161	161	0
160	160	0
159	159	0
158	158	0
157	157	0
156	156	0
155	155	0
154	154	0
153	153	0
152	152	0
151	151	0
150	150	0
150	149	0
151	148	0
152	147	0
153	146	0
154	145	0
154	144	0
155	143	0
155	142	0
155	141	0
155	140	0
155	139	0
155	138	0
155	137	0
155	136	0
155	135	0
155	134	0
155	133	0
155	132	0
155	131	0
155	130	0
154	129	0
153	128	0
152	127	0
151	126	0
150	125	0
149	124	0
148	123	0
147	122	0
146	121	0
145	120	0
144	119	0
143	118	0
142	117	0
141	116	0
140	115	0
139	114	0
138	113	0
137	112	0
136	111	0
135	110	0
134	109	0
133	108	0
132	107	0
131	106	0
130	105	0
129	104	0
128	103	0
127	102	0
126	101	0
125	100	0
124	99	0
123	98	0
122	97	0
121	96	0
120	95	0
119	96	0
118	97	0
117	98	0
116	99	0
115	100	0
114	101	0
113	102	0
112	102	0
111	102	0
110	102	0
109	102	0
108	102	0
107	102	0
106	102	0
105	102	0
104	102	0
103	103	0
102	103	0
101	103	0
100	103	0
99	103	0
98	103	0
97	103	0
96	103	0
95	103	0
94	103	0
93	103	0
92	103	0
91	103	0
90	103	0
89	103	0
88	104	0
87	105	0
86	106	0
85	107	0
84	108	0
83	109	0
82	110	0
81	111	0
80	112	0
79	111	0
78	110	0
77	109	0
76	108	0
75	107	0
74	106	0
73	105	0
72	104	0
71	104	0
70	104	0
69	104	0
68	104	0
67	104	0
200	200	0
199	199	0
198	198	0
197	197	0
196	196	0
195	195	0
194	194	0
193	193	0
192	192	0
191	191	0
190	190	0
189	189	0
188	188	0
187	187	0
186	186	0
185	185	0
184	184	0
183	183	0
182	182	0
181	181	0
180	180	0
179	179	0
178	178	0
177	177	0
176	176	0
175	175	0
174	174	0
173	173	0
172	172	0
171	171	0
170	170	0
169	169	0
168	168	0
167	167	0
166	166	0
165	165	0
164	164	0
163	163	0
162	162	0
161	161	0
160	160	0
159	159	0
158	158	0
157	157	0
156	156	0
155	155	0
154	154	0
153	153	0
152	152	0
151	151	0
150	150	0
149	149	0
150	148	0
151	147	0
152	146	0
153	145	0
154	144	0
155	143	0
155	142	0
155	141	0
155	140	0
155	139	0
155	138	0
155	137	0
155	136	0
155	135	0
155	134	0
155	133	0
155	132	0
155	131	0
155	130	0
154	129	0
153	128	0
152	127	0
151	126	0
150	125	0
149	124	0
148	123	0
147	122	0
146	121	0
145	120	0
144	119	0
143	118	0
142	117	0
141	116	0
140	115	0
139	114	0
138	113	0
137	112	0
136	111	0
135	110	0
134	109	0
133	108	0
132	107	0
131	106	0
130	105	0
129	104	0
128	103	0
127	102	0
126	101	0
125	100	0
124	99	0
123	98	0
122	97	0
121	96	0
120	95	0
119	94	0
118	93	0
117	92	0
116	91	0
115	90	0
114	89	0
113	88	0
112	87	0
111	86	0
110	85	0
109	84	0
108	84	0
107	85	0
106	86	0
105	87	0
104	88	0
103	89	0
102	90	0
101	91	0
100	92	0
99	93	0
98	94	0
97	95	0
96	96	0
95	97	0
94	98	0
93	99	0
92	100	0
91	101	0
90	102	0
89	103	0
88	104	0
87	105	0
86	106	0
85	107	0
84	108	0
83	109	0
82	110	0
81	111	0
80	112	0
79	111	0
78	110	0
77	109	0
76	108	0
75	107	0
74	106	0
73	105	0
72	104	0
71	103	0
70	102	0
69	101	0
68	100	0
67	99	0
66	98	0
65	97	0
64	96	0
63	95	0
62	94	0
61	93	0
60	92	0
59	91	0
58	90	0
57	89	0
56	88	0
55	87	0
54	86	0
53	85	0
52	84	0
51	83	0
50	82	0
49	81	0
48	80	0
47	79	0
46	78	0
45	77	0
45	76	0
45	75	0
45	74	0
45	73	0
45	72	0
45	71	0
45	70	0
45	69	0
45	68	0
45	67	0
45	66	0
45	65	0
45	64	0
45	63	0
45	62	0
45	61	0
45	60	0
45	59	0
45	58	0
45	57	0
45	56	0
45	55	0
45	54	0
45	53	0
45	52	0
46	51	0
47	50	0
48	49	0
49	48	0
50	47	0
51	46	0
52	45	0
53	44	0
54	43	0
55	42	0
56	41	0
57	40	0
58	39	0
59	38	0
60	37	0
61	37	0
62	38	0
63	39	0
64	40	0
200	200	0
201	199	0
202	198	0
203	197	0
204	196	0
205	195	0
205	194	0
205	193	0
205	192	0
205	191	0
205	190	0
205	189	0
206	188	0
206	187	0
206	186	0
206	185	0
206	184	0
206	183	0
206	182	0
206	181	0
206	180	0
206	179	0
206	178	0
206	177	0
206	176	0
206	175	0
206	174	0
206	173	0
206	172	0
206	171	0
206	170	0
206	169	0
206	168	0
206	167	0
206	166	0
206	165	0
207	164	0
207	163	0
207	162	0
207	161	0
207	160	0
207	159	0
207	158	0
207	157	0
207	156	0
207	155	0
207	154	0
206	153	0
205	152	0
204	151	0
203	150	0
202	149	0
201	148	0
200	147	0
199	146	0
198	145	0
197	144	0
196	143	0
195	142	0
194	141	0
193	140	0
192	139	0
191	138	0
190	137	0
189	136	0
188	135	0
187	134	0
186	133	0
185	132	0
184	131	0
183	130	0
182	129	0
181	128	0
180	127	0
179	126	0
178	125	0
177	124	0
176	123	0
175	122	0
174	121	0
173	120	0
172	119	0
171	118	0
170	117	0
169	116	0
168	115	0
167	114	0
166	113	0
165	112	0
164	111	0
163	110	0
162	109	0
161	108	0
160	107	0
159	106	0
158	105	0
157	104	0
156	103	0
155	102	0
154	101	0
153	100	0
152	99	0
151	98	0
150	97	0
149	96	0
148	95	0
147	95	0
146	95	0
145	95	0
144	95	0
143	95	0
142	95	0
141	95	0
140	95	0
139	95	0
138	95	0
137	95	0
136	95	0
135	95	0
134	95	0
133	95	0
132	95	0
131	95	0
130	95	0
129	95	0
128	95	0
127	95	0
126	95	0
125	95	0
124	95	0
123	95	0
122	95	0
121	95	0
120	95	0
119	95	0
118	95	0
117	95	0
116	95	0
115	95	0
114	95	0
113	95	0
112	95	0
111	95	0
110	95	0
109	95	0
108	95	0
107	95	0
106	95	0
105	95	0
104	95	0
103	95	0
102	95	0
101	95	0
100	95	0
99	95	0
98	95	0
97	95	0
96	96	0
95	97	0
94	98	0
93	99	0
92	100	0
91	101	0
90	102	0
89	103	0
88	104	0
87	105	0
86	106	0
85	107	0
84	108	0
83	109	0
82	110	0
81	111	0
80	112	0
79	111	0
78	110	0
77	109	0
76	108	0
75	107	0
74	106	0
73	105	0
72	104	0
71	103	0
70	102	0
69	101	0
68	100	0
67	99	0
66	98	0
65	97	0
64	96	0
63	95	0
62	94	0
61	93	0
60	92	0
59	91	0
58	90	0
57	89	0
56	88	0
55	87	0
54	86	0
53	85	0
52	84	0
51	83	0
50	82	0
49	81	0
48	80	0
47	79	0
46	78	0
45	77	0
45	76	0
45	75	0
45	74	0
45	73	0
45	72	0
45	71	0
45	70	0
45	69	0
45	68	0
45	67	0
45	66	0
45	65	0
45	64	0
45	63	0
45	62	0
45	61	0
45	60	0
45	59	0
45	58	0
45	57	0
45	56	0
45	55	0
45	54	0
45	53	0
45	52	0
46	51	0
47	50	0
48	49	0
49	48	0
50	47	0
51	46	0
52	45	0
53	44	0
54	43	0
55	42	0
56	41	0
57	40	0
58	39	0
59	38	0
60	37	0
61	36	0
62	35	0
63	34	0
64	33	0
65	32	0
66	31	0
67	30	0
68	29	0
69	28	0
70	27	0
71	26	0
72	25	0
73	24	0
74	23	0
75	22	0
76	21	0
77	20	0
78	19	0
79	18	0
80	17	0
81	16	0
82	16	0
83	16	0
84	16	0
85	16	0
86	16	0
87	16	0
88	16	0
89	16	0
90	16	0
91	16	0
92	16	0
93	16	0
94	16	0
95	16	0
96	16	0
97	16	0
98	16	0
99	16	0
100	16	0
101	16	0
102	16	0
103	16	0
104	16	0
105	16	0
106	16	0
107	16	0
108	16	0
109	16	0
110	16	0
111	16	0
112	16	0
113	16	0
114	16	0
115	16	0
116	16	0
117	16	0
118	16	0
119	16	0
120	16	0
121	16	0
122	16	0
123	16	0
124	16	0
125	16	0
126	16	0
127	16	0
128	16	0
129	16	0
130	16	0
131	16	0
132	16	0
133	16	0
134	16	0
135	16	0
136	16	0
137	16	0
138	16	0
139	16	0
140	16	0
141	16	0
142	16	0
143	16	0
144	16	0
145	16	0
146	16	0
147	16	0
148	16	0
149	16	0
150	16	0
151	16	0
152	16	0
153	16	0
154	16	0
155	16	0
156	16	0
157	16	0
158	16	0
159	16	0
160	16	0
161	16	0
162	16	0
163	16	0
164	16	0
165	16	0
166	16	0
167	16	0
168	16	0
169	16	0
170	16	0
171	16	0
172	16	0
173	16	0
174	16	0
175	16	0
176	16	0
177	16	0
178	16	0
179	16	0
180	16	0
181	16	0
182	16	0
183	16	0
184	16	0
185	16	0
186	16	0
187	16	0
188	16	0
189	16	0
190	16	0
191	16	0
192	16	0
193	16	0
194	16	0
195	16	0
196	16	0
197	17	0
198	18	0
199	19	0
200	20	0
201	21	0
202	22	0
203	23	0
204	24	0
205	25	0
206	26	0
207	27	0
208	28	0
209	29	0
210	30	0
211	31	0
212	32	0
200	200	0
199	201	0
198	202	0
197	203	0
196	204	0
195	205	0
194	206	0
193	207	0
192	208	0
191	209	0
190	210	0
189	211	0
188	212	0
187	213	0
186	214	0
185	215	0
184	216	0
183	217	0
182	218	0
181	219	0
180	220	0
179	221	0
178	222	0
177	223	0
176	224	0
175	225	0
174	226	0
173	227	0
172	228	0
171	229	0
170	230	0
169	231	0
168	232	0
167	233	0
166	234	0
165	235	0
164	236	0
163	237	0
162	238	0
161	239	0
160	240	0
159	241	0
158	242	0
157	243	0
156	244	0
155	245	0
154	246	0
153	247	0
152	248	0
151	249	0
150	250	0
149	251	0
148	252	0
147	253	0
146	254	0
145	255	0
144	256	0
143	257	0
142	257	0
141	257	0
140	256	0
139	256	0
138	255	0
137	255	0
136	254	0
135	254	0
134	253	0
133	253	0
132	252	0
131	251	0
130	250	0
129	249	0
128	248	0
127	247	0
126	246	0
125	245	0
124	244	0
123	243	0
122	242	0
121	241	0
120	240	0
119	239	0
118	238	0
117	237	0
116	236	0
115	235	0
114	234	0
113	233	0
112	232	0
111	231	0
110	230	0
109	229	0
108	228	0
107	227	0
106	226	0
105	225	0
104	224	0
103	223	0
102	222	0
101	221	0
100	220	0
99	219	0
98	218	0
97	217	0
96	216	0
95	217	0
94	218	0
93	219	0
92	220	0
91	221	0
90	222	0
89	223	0
88	224	0
87	225	0
86	226	0
85	227	0
84	228	0
83	229	0
82	230	0
81	231	0
80	232	0
79	233	0
78	234	0
77	235	0
76	236	0
75	237	0
74	238	0
73	239	0
72	240	0
71	241	0
70	242	0
69	243	0
68	244	0
67	245	0
66	246	0
65	247	0
64	248	0
63	249	0
62	250	0
61	251	0
60	252	0
59	253	0
58	254	0
57	255	0
56	256	0
55	257	0
54	258	0
53	259	0
52	260	0
51	261	0
50	262	0
49	263	0
48	264	0
47	265	0
46	266	0
45	267	0
45	268	0
45	269	0
45	270	0
45	271	0
45	272	0
45	273	0
45	274	0
45	275	0
45	276	0
45	277	0
45	278	0
45	279	0
45	280	0
45	281	0
45	282	0
45	283	0
45	284	0
45	285	0
45	286	0
45	287	0
45	288	0
45	289	0
45	290	0
45	291	0
45	292	0
45	293	0
45	294	0
45	295	0
45	296	0
45	297	0
45	298	0
45	299	0
45	300	0
45	301	0
45	302	0
45	303	0
45	304	0
45	305	0
45	306	0
45	307	0
45	308	0
45	309	0
45	310	0
45	311	0
45	312	0
45	313	0
45	314	0
45	315	0
45	316	0
45	317	0
45	318	0
45	319	0
45	320	0
45	321	0
45	322	0
45	323	0
45	324	0
45	325	0
45	326	0
45	327	0
45	328	0
45	329	0
45	330	0
45	331	0
45	332	0
45	333	0
45	334	0
45	335	0
45	336	0
45	337	0
45	338	0
45	339	0
45	340	0
45	341	0
45	342	0
45	343	0
45	344	0
45	345	0
45	346	0
45	347	0
45	348	0
45	349	0
45	350	0
45	351	0
45	352	0
45	353	0
45	354	0
45	355	0
45	356	0
45	357	0
45	358	0
45	359	0
45	360	0
45	361	0
45	362	0
45	363	0
45	364	0
45	365	0
45	366	0
45	367	0
45	368	0
45	369	0
45	370	0
45	371	0
45	372	0
45	373	0
45	374	0
45	375	0
45	376	0
45	377	0
45	378	0
45	379	0
45	380	0
45	381	0
45	382	0
45	383	0
45	384	0
45	385	0
45	386	0
45	387	0
45	388	0
44	389	0
43	389	0
42	389	0
41	389	0
40	389	0
39	389	0
38	389	0
37	389	0
36	389	0
35	389	0
34	389	0
33	389	0
32	389	0
31	389	0
30	389	0
29	389	0
28	389	0
27	389	0
26	389	0
25	389	0
24	389	0
23	389	0
22	388	0
21	387	0
20	386	0
19	385	0
19	384	0
19	383	0
19	382	0
19	381	0
19	380	0
19	379	0
19	378	0
19	377	0
19	376	0
19	375	0
19	374	0
19	373	0
19	372	0
19	371	0
18	370	0
18	369	0
18	368	0
18	367	0
18	366	0
18	365	0
18	364	0
18	363	0
18	362	0
18	361	0
18	360	0
18	359	0
18	358	0
18	357	0
18	356	0
18	355	0
18	354	0
18	353	0
18	352	0
18	351	0
18	350	0
18	349	0
18	348	0
18	347	0
17	346	0
17	345	0
17	344	0
17	343	0
17	342	0
17	341	0
17	340	0
17	339	0
17	338	0
17	337	0
17	336	0
17	335	0
17	334	0
